Monthly Dam Level Data: 2017 - 2021;;;;;;
Province;year;month;Water in Dam (million m³);Full Storage Capacity (million m³);Dam level (%);Dam Name
Western Cape;2017;1;39,599412;54,368974;72,83457657;De Bos Dam
Western Cape;2017;2;55,139997;54,368974;101,4181305;De Bos Dam
Western Cape;2017;3;55,387948;54,368974;101,8741829;De Bos Dam
Western Cape;2017;4;54,68493;54,368974;100,5811329;De Bos Dam
Western Cape;2017;5;54,576038;54,368974;100,3808496;De Bos Dam
Western Cape;2017;6;54,55013;54,368974;100,3331974;De Bos Dam
Western Cape;2017;7;54,469861;54,368974;100,1855599;De Bos Dam
Western Cape;2017;8;54,43622;54,368974;100,1236845;De Bos Dam
Western Cape;2017;9;52,253047;54,368974;96,1082087;De Bos Dam
Western Cape;2017;10;47,120407;54,368974;86,66782456;De Bos Dam
Western Cape;2017;11;41,056747;54,368974;75,51502995;De Bos Dam
Western Cape;2017;12;34,889622;54,368974;64,17193379;De Bos Dam
Western Cape;2018;1;36,212659;54,368974;66,60537497;De Bos Dam
Western Cape;2018;2;33,819707;54,368974;62,20405594;De Bos Dam
Western Cape;2018;3;39,149631;54,368974;72,00730144;De Bos Dam
Western Cape;2018;4;45,530805;54,368974;83,74409456;De Bos Dam
Western Cape;2018;5;54,234312;54,368974;99,7523183;De Bos Dam
Western Cape;2018;6;54,537179;54,368974;100,3093768;De Bos Dam
Western Cape;2018;7;53,312107;54,368974;98,05612113;De Bos Dam
Western Cape;2018;8;49,136073;54,368974;90,37520737;De Bos Dam
Western Cape;2018;9;43,704166;54,368974;80,38438614;De Bos Dam
Western Cape;2018;10;36,24085;54,368974;66,65722623;De Bos Dam
Western Cape;2018;11;29,298729;54,368974;53,88869211;De Bos Dam
Western Cape;2018;12;23,766935;54,368974;43,71415028;De Bos Dam
Western Cape;2019;1;22,961031;54,368974;42,23186371;De Bos Dam
Western Cape;2019;2;40,458624;54,368974;74,41491171;De Bos Dam
Western Cape;2019;3;54,653805;54,368974;100,5238852;De Bos Dam
Western Cape;2019;4;54,576038;54,368974;100,3808496;De Bos Dam
Western Cape;2019;5;54,498336;54,368974;100,2379335;De Bos Dam
Western Cape;2019;6;53,753131;54,368974;98,86728964;De Bos Dam
Western Cape;2019;7;51,949687;54,368974;95,55024342;De Bos Dam
Western Cape;2019;8;47,92789;54,368974;88,15301536;De Bos Dam
Western Cape;2019;9;42,433696;54,368974;78,04763062;De Bos Dam
Western Cape;2019;10;36,343652;54,368974;66,84630834;De Bos Dam
Western Cape;2019;11;29,050225;54,368974;53,4316226;De Bos Dam
Western Cape;2019;12;25,130381;54,368974;46,22191509;De Bos Dam
Western Cape;2020;1;24,538778;54,368974;45,13378899;De Bos Dam
Western Cape;2020;2;45,440503;54,368974;83,57800351;De Bos Dam
Western Cape;2020;3;54,627876;54,368974;100,4761944;De Bos Dam
Western Cape;2020;4;54,552721;54,368974;100,337963;De Bos Dam
Western Cape;2020;5;54,573447;54,368974;100,376084;De Bos Dam
Western Cape;2020;6;54,423284;54,368974;100,0998915;De Bos Dam
Western Cape;2020;7;53,965561;54,368974;99,2580088;De Bos Dam
Western Cape;2020;8;49,777418;54,368974;91,55482316;De Bos Dam
Western Cape;2020;9;44,918741;54,368974;82,61833486;De Bos Dam
Western Cape;2020;10;40,240054;54,368974;74,01289934;De Bos Dam
Western Cape;2020;11;46,603918;54,368974;85,71785445;De Bos Dam
Western Cape;2020;12;43,721827;54,368974;80,41686974;De Bos Dam
Western Cape;2021;1;54,008611;54,368974;99,33718999;De Bos Dam
Western Cape;2021;2;56,06405;54,368974;103,1177267;De Bos Dam
Western Cape;2021;3;55,252148;54,368974;101,6244081;De Bos Dam
Western Cape;2021;4;54,71347;54,368974;100,6336261;De Bos Dam
Western Cape;2021;5;54,588995;54,368974;100,4046812;De Bos Dam
Western Cape;2021;6;54,493158;54,368974;100,2284097;De Bos Dam
Western Cape;2021;7;54,431045;54,368974;100,1141662;De Bos Dam
Western Cape;2021;8;53,261837;54,368974;97,9636603;De Bos Dam
Western Cape;2021;9;50,39475;54,368974;92,69027221;De Bos Dam
Western Cape;2021;10;46,215808;54,368974;85,00400982;De Bos Dam
Western Cape;2021;11;43,96507;54,368974;80,86426277;De Bos Dam
Western Cape;2021;12;45,652873;54,368974;83,96861232;De Bos Dam
Western Cape;2017;1;21,530776;20,612755;104,453655;Berg River Dam
Western Cape;2017;2;21,336451;20,612755;103,5109135;Berg River Dam
Western Cape;2017;3;22,653211;20,612755;109,898997;Berg River Dam
Western Cape;2017;4;21,65155;20,612755;105,0395738;Berg River Dam
Western Cape;2017;5;21,338259;20,612755;103,5196848;Berg River Dam
Western Cape;2017;6;21,14914;20,612755;102,6021995;Berg River Dam
Western Cape;2017;7;20,408773;20,612755;99,01040885;Berg River Dam
Western Cape;2017;8;21,803008;20,612755;105,7743519;Berg River Dam
Western Cape;2017;9;21,803008;20,612755;105,7743519;Berg River Dam
Western Cape;2017;10;22,031643;20,612755;106,8835437;Berg River Dam
Western Cape;2017;11;22,031643;20,612755;106,8835437;Berg River Dam
Western Cape;2017;12;22,262024;20,612755;108,001206;Berg River Dam
Western Cape;2018;1;22,441614;20,612755;108,8724627;Berg River Dam
Western Cape;2018;2;22,009338;20,612755;106,775334;Berg River Dam
Western Cape;2018;3;22,262024;20,612755;108,001206;Berg River Dam
Western Cape;2018;4;22,238907;20,612755;107,889057;Berg River Dam
Western Cape;2018;5;27,247948;20,612755;132,1897437;Berg River Dam
Western Cape;2018;6;22,292874;20,612755;108,1508707;Berg River Dam
Western Cape;2018;7;21,636446;20,612755;104,9662988;Berg River Dam
Western Cape;2018;8;20,075437;20,612755;97,39327421;Berg River Dam
Western Cape;2018;9;20,459289;20,612755;99,25548041;Berg River Dam
Western Cape;2018;10;20,035768;20,612755;97,20082541;Berg River Dam
Western Cape;2018;11;19,101385;20,612755;92,66779235;Berg River Dam
Western Cape;2018;12;22,13126;20,612755;107,3668221;Berg River Dam
Western Cape;2019;1;18,661775;20,612755;90,53508374;Berg River Dam
Western Cape;2019;2;14,279291;20,612755;69,27405386;Berg River Dam
Western Cape;2019;3;19,956609;20,612755;96,8167962;Berg River Dam
Western Cape;2019;4;19,595898;20,612755;95,06685545;Berg River Dam
Western Cape;2019;5;23,200512;20,612755;112,554154;Berg River Dam
Western Cape;2019;6;20,226721;20,612755;98,12720813;Berg River Dam
Western Cape;2019;7;21,591182;20,612755;104,7467066;Berg River Dam
Western Cape;2019;8;18,311191;20,612755;88,83427276;Berg River Dam
Western Cape;2019;9;20,338744;20,612755;98,6706726;Berg River Dam
Western Cape;2019;10;21,500861;20,612755;104,3085264;Berg River Dam
Western Cape;2019;11;21,613806;20,612755;104,8564639;Berg River Dam
Western Cape;2019;12;22,100574;20,612755;107,2179532;Berg River Dam
Western Cape;2020;1;22,031643;20,612755;106,8835437;Berg River Dam
Western Cape;2020;2;21,65155;20,612755;105,0395738;Berg River Dam
Western Cape;2020;3;22,231206;20,612755;107,8516967;Berg River Dam
Western Cape;2020;4;21,787827;20,612755;105,7007033;Berg River Dam
Western Cape;2020;5;22,031643;20,612755;106,8835437;Berg River Dam
Western Cape;2020;6;21,500861;20,612755;104,3085264;Berg River Dam
Western Cape;2020;7;18,009452;20,612755;87,37042671;Berg River Dam
Western Cape;2020;8;21,083007;20,612755;102,2813641;Berg River Dam
Western Cape;2020;9;21,37338;20,612755;103,6900696;Berg River Dam
Western Cape;2020;10;21,689342;20,612755;105,2229166;Berg River Dam
Western Cape;2020;11;21,96287;20,612755;106,5499008;Berg River Dam
Western Cape;2020;12;22,001058;20,612755;106,7351647;Berg River Dam
Western Cape;2021;1;22,238907;20,612755;107,889057;Berg River Dam
Western Cape;2021;2;29,389806;20,612755;142,5806788;Berg River Dam
Western Cape;2021;3;28,252627;20,612755;137,0638083;Berg River Dam
Western Cape;2021;4;22,06226;20,612755;107,032078;Berg River Dam
Western Cape;2021;5;22,161978;20,612755;107,5158464;Berg River Dam
Western Cape;2021;6;21,947608;20,612755;106,4758592;Berg River Dam
Western Cape;2021;7;10,014487;20,612755;48,58393262;Berg River Dam
Western Cape;2021;8;21,409298;20,612755;103,8643209;Berg River Dam
Western Cape;2021;9;21,493785;20,612755;104,2741982;Berg River Dam
Western Cape;2021;10;20,868965;20,612755;101,2429682;Berg River Dam
Western Cape;2021;11;23,034773;20,612755;111,7500936;Berg River Dam
Western Cape;2021;12;22,413616;20,612755;108,7366342;Berg River Dam
Western Cape;2017;1;3,142282;4,542796;69,17066054;Buffeljags Dam
Western Cape;2017;2;4,581014;4,542796;100,8412881;Buffeljags Dam
Western Cape;2017;3;4,382154;4,542796;96,46380775;Buffeljags Dam
Western Cape;2017;4;4,517438;4,542796;99,44179752;Buffeljags Dam
Western Cape;2017;5;4,214674;4,542796;92,77709147;Buffeljags Dam
Western Cape;2017;6;4,326604;4,542796;95,24099255;Buffeljags Dam
Western Cape;2017;7;4,570801;4,542796;100,6164706;Buffeljags Dam
Western Cape;2017;8;4,483356;4,542796;98,69155472;Buffeljags Dam
Western Cape;2017;9;4,588684;4,542796;101,0101268;Buffeljags Dam
Western Cape;2017;10;4,582292;4,542796;100,8694205;Buffeljags Dam
Western Cape;2017;11;4,538986;4,542796;99,91613095;Buffeljags Dam
Western Cape;2017;12;4,545337;4,542796;100,0559347;Buffeljags Dam
Western Cape;2018;1;4,236009;4,542796;93,24673615;Buffeljags Dam
Western Cape;2018;2;4,846697;4,542796;106,6897347;Buffeljags Dam
Western Cape;2018;3;4,3463;4,542796;95,67455814;Buffeljags Dam
Western Cape;2018;4;4,615596;4,542796;101,6025373;Buffeljags Dam
Western Cape;2018;5;4,53391;4,542796;99,80439359;Buffeljags Dam
Western Cape;2018;6;4,313097;4,542796;94,94366465;Buffeljags Dam
Western Cape;2018;7;4,570801;4,542796;100,6164706;Buffeljags Dam
Western Cape;2018;8;4,430686;4,542796;97,5321366;Buffeljags Dam
Western Cape;2018;9;4,570801;4,542796;100,6164706;Buffeljags Dam
Western Cape;2018;10;4,569526;4,542796;100,5884041;Buffeljags Dam
Western Cape;2018;11;4,069645;4,542796;89,58458623;Buffeljags Dam
Western Cape;2018;12;4,584848;4,542796;100,9256854;Buffeljags Dam
Western Cape;2019;1;3,721688;4,542796;81,92505232;Buffeljags Dam
Western Cape;2019;2;3,514293;4,542796;77,35969214;Buffeljags Dam
Western Cape;2019;3;4,233635;4,542796;93,19447759;Buffeljags Dam
Western Cape;2019;4;4,579737;4,542796;100,8131776;Buffeljags Dam
Western Cape;2019;5;4,575906;4,542796;100,7288463;Buffeljags Dam
Western Cape;2019;6;4,586126;4,542796;100,9538179;Buffeljags Dam
Western Cape;2019;7;4,582292;4,542796;100,8694205;Buffeljags Dam
Western Cape;2019;8;4,579737;4,542796;100,8131776;Buffeljags Dam
Western Cape;2019;9;4,171044;4,542796;91,81666973;Buffeljags Dam
Western Cape;2019;10;3,693436;4,542796;81,30314458;Buffeljags Dam
Western Cape;2019;11;4,418207;4,542796;97,25743793;Buffeljags Dam
Western Cape;2019;12;4,26576;4,542796;93,90164119;Buffeljags Dam
Western Cape;2020;1;2,474666;4,542796;54,47451305;Buffeljags Dam
Western Cape;2020;2;4,549151;4,542796;100,1398918;Buffeljags Dam
Western Cape;2020;3;4,668447;4,542796;102,7659397;Buffeljags Dam
Western Cape;2020;4;4,564426;4,542796;100,4761385;Buffeljags Dam
Western Cape;2020;5;4,586126;4,542796;100,9538179;Buffeljags Dam
Western Cape;2020;6;4,620734;4,542796;101,7156394;Buffeljags Dam
Western Cape;2020;7;4,561878;4,542796;100,4200497;Buffeljags Dam
Western Cape;2020;8;4,573353;4,542796;100,6726474;Buffeljags Dam
Western Cape;2020;9;4,642615;4,542796;102,1973032;Buffeljags Dam
Western Cape;2020;10;4,568251;4,542796;100,5603377;Buffeljags Dam
Western Cape;2020;11;4,536447;4,542796;99,86024026;Buffeljags Dam
Western Cape;2020;12;4,563152;4,542796;100,4480941;Buffeljags Dam
Western Cape;2021;1;4,514907;4,542796;99,38608293;Buffeljags Dam
Western Cape;2021;2;4,552966;4,542796;100,2238709;Buffeljags Dam
Western Cape;2021;3;3,723867;4,542796;81,97301838;Buffeljags Dam
Western Cape;2021;4;4,495958;4,542796;98,96896097;Buffeljags Dam
Western Cape;2021;5;4,631022;4,542796;101,9421079;Buffeljags Dam
Western Cape;2021;6;4,592522;4,542796;101,0946122;Buffeljags Dam
Western Cape;2021;7;4,609179;4,542796;101,4612807;Buffeljags Dam
Western Cape;2021;8;4,589138;4,542796;101,0201206;Buffeljags Dam
Western Cape;2021;9;4,659308;4,542796;102,5647641;Buffeljags Dam
Western Cape;2021;10;4,687885;4,542796;103,193826;Buffeljags Dam
Western Cape;2021;11;4,58357;4,542796;100,897553;Buffeljags Dam
Western Cape;2021;12;4,63746;4,542796;102,0838268;Buffeljags Dam
Western Cape;2017;1;3,99425;4,809391;83,05105574;Bulshoek Dam
Western Cape;2017;2;3,501891;4,809391;72,81360571;Bulshoek Dam
Western Cape;2017;3;3,548331;4,809391;73,77921654;Bulshoek Dam
Western Cape;2017;4;3,116672;4,809391;64,80388057;Bulshoek Dam
Western Cape;2017;5;2,29677;4,809391;47,75594249;Bulshoek Dam
Western Cape;2017;6;1,991318;4,809391;41,40478493;Bulshoek Dam
Western Cape;2017;7;1,896368;4,809391;39,43052249;Bulshoek Dam
Western Cape;2017;8;2,592441;4,809391;53,9037271;Bulshoek Dam
Western Cape;2017;9;1,76261;4,809391;36,64933876;Bulshoek Dam
Western Cape;2017;10;1,379502;4,809391;28,68350691;Bulshoek Dam
Western Cape;2017;11;2,018311;4,809391;41,96604102;Bulshoek Dam
Western Cape;2017;12;2,063783;4,809391;42,91152456;Bulshoek Dam
Western Cape;2018;1;2,397033;4,809391;49,84067629;Bulshoek Dam
Western Cape;2018;2;1,492596;4,809391;31,03503125;Bulshoek Dam
Western Cape;2018;3;1,411204;4,809391;29,34267561;Bulshoek Dam
Western Cape;2018;4;0,938771;4,809391;19,51954;Bulshoek Dam
Western Cape;2018;5;0,988913;4,809391;20,56212523;Bulshoek Dam
Western Cape;2018;6;2,271206;4,809391;47,2243991;Bulshoek Dam
Western Cape;2018;7;4,717893;4,809391;98,0975138;Bulshoek Dam
Western Cape;2018;8;4,42152;4,809391;91,93513274;Bulshoek Dam
Western Cape;2018;9;4,72314;4,809391;98,20661285;Bulshoek Dam
Western Cape;2018;10;4,660539;4,809391;96,90497196;Bulshoek Dam
Western Cape;2018;11;3,546827;4,809391;73,74794439;Bulshoek Dam
Western Cape;2018;12;2,767294;4,809391;57,53938492;Bulshoek Dam
Western Cape;2019;1;3,168148;4,809391;65,8742032;Bulshoek Dam
Western Cape;2019;2;3,065361;4,809391;63,73698874;Bulshoek Dam
Western Cape;2019;3;3,711702;4,809391;77,17613311;Bulshoek Dam
Western Cape;2019;4;2,695133;4,809391;56,03896626;Bulshoek Dam
Western Cape;2019;5;4,581709;4,809391;95,26588709;Bulshoek Dam
Western Cape;2019;6;4,195875;4,809391;87,24337447;Bulshoek Dam
Western Cape;2019;7;3,012863;4,809391;62,64541602;Bulshoek Dam
Western Cape;2019;8;4,756461;4,809391;98,89944486;Bulshoek Dam
Western Cape;2019;9;4,167384;4,809391;86,65097099;Bulshoek Dam
Western Cape;2019;10;1,822633;4,809391;37,8973762;Bulshoek Dam
Western Cape;2019;11;2,840676;4,809391;59,06519141;Bulshoek Dam
Western Cape;2019;12;1,763585;4,809391;36,6696116;Bulshoek Dam
Western Cape;2020;1;2,580603;4,809391;53,65758367;Bulshoek Dam
Western Cape;2020;2;2,986834;4,809391;62,10420405;Bulshoek Dam
Western Cape;2020;3;2,479423;4,809391;51,553783;Bulshoek Dam
Western Cape;2020;4;2,250641;4,809391;46,79679818;Bulshoek Dam
Western Cape;2020;5;1,560956;4,809391;32,45641704;Bulshoek Dam
Western Cape;2020;6;1,412066;4,809391;29,36059888;Bulshoek Dam
Western Cape;2020;7;3,059499;4,809391;63,6151022;Bulshoek Dam
Western Cape;2020;8;4,53732;4,809391;94,342922;Bulshoek Dam
Western Cape;2020;9;3,716351;4,809391;77,27279816;Bulshoek Dam
Western Cape;2020;10;4,777586;4,809391;99,33868966;Bulshoek Dam
Western Cape;2020;11;3,405798;4,809391;70,81557727;Bulshoek Dam
Western Cape;2020;12;2,963819;4,809391;61,62566113;Bulshoek Dam
Western Cape;2021;1;2,570108;4,809391;53,43936478;Bulshoek Dam
Western Cape;2021;2;3,021572;4,809391;62,82649924;Bulshoek Dam
Western Cape;2021;3;2,429781;4,809391;50,52159411;Bulshoek Dam
Western Cape;2021;4;3,563397;4,809391;74,09247865;Bulshoek Dam
Western Cape;2021;5;2,373276;4,809391;49,34670523;Bulshoek Dam
Western Cape;2021;6;4,761736;4,809391;99,0091261;Bulshoek Dam
Western Cape;2021;7;3,894286;4,809391;80,97253893;Bulshoek Dam
Western Cape;2021;8;4,685812;4,809391;97,43046469;Bulshoek Dam
Western Cape;2021;9;4,613848;4,809391;95,93414218;Bulshoek Dam
Western Cape;2021;10;4,802311;4,809391;99,85278801;Bulshoek Dam
Western Cape;2021;11;4,72839;4,809391;98,31577428;Bulshoek Dam
Western Cape;2021;12;2,669558;4,809391;55,50719415;Bulshoek Dam
Western Cape;2017;1;2,835382;4,8167;58,86565491;Calitzdorp Dam
Western Cape;2017;2;2,317602;4,8167;48,11597152;Calitzdorp Dam
Western Cape;2017;3;2,054335;4,8167;42,65025848;Calitzdorp Dam
Western Cape;2017;4;1,696151;4,8167;35,21396392;Calitzdorp Dam
Western Cape;2017;5;1,479149;4,8167;30,70876326;Calitzdorp Dam
Western Cape;2017;6;1,362137;4,8167;28,27946519;Calitzdorp Dam
Western Cape;2017;7;1,379687;4,8167;28,64382253;Calitzdorp Dam
Western Cape;2017;8;1,441243;4,8167;29,92179293;Calitzdorp Dam
Western Cape;2017;9;1,138842;4,8167;23,64361492;Calitzdorp Dam
Western Cape;2017;10;1,275171;4,8167;26,4739552;Calitzdorp Dam
Western Cape;2017;11;1,173845;4,8167;24,37031578;Calitzdorp Dam
Western Cape;2017;12;1,271303;4,8167;26,39365126;Calitzdorp Dam
Western Cape;2018;1;0,813265;4,8167;16,88427762;Calitzdorp Dam
Western Cape;2018;2;0,471401;4,8167;9,786804244;Calitzdorp Dam
Western Cape;2018;3;0,507703;4,8167;10,54047377;Calitzdorp Dam
Western Cape;2018;4;0,564898;4,8167;11,727905;Calitzdorp Dam
Western Cape;2018;5;0,587767;4,8167;12,20269064;Calitzdorp Dam
Western Cape;2018;6;0,583341;4,8167;12,110802;Calitzdorp Dam
Western Cape;2018;7;0,633989;4,8167;13,1623103;Calitzdorp Dam
Western Cape;2018;8;0,685793;4,8167;14,23781842;Calitzdorp Dam
Western Cape;2018;9;0,462492;4,8167;9,601843586;Calitzdorp Dam
Western Cape;2018;10;0,655924;4,8167;13,61770507;Calitzdorp Dam
Western Cape;2018;11;0,634163;4,8167;13,16592273;Calitzdorp Dam
Western Cape;2018;12;0,572033;4,8167;11,87603546;Calitzdorp Dam
Western Cape;2019;1;0,462122;4,8167;9,594161978;Calitzdorp Dam
Western Cape;2019;2;0,368959;4,8167;7,659995433;Calitzdorp Dam
Western Cape;2019;3;0,341468;4,8167;7,089251977;Calitzdorp Dam
Western Cape;2019;4;0,385936;4,8167;8,012456661;Calitzdorp Dam
Western Cape;2019;5;0,903143;4,8167;18,75024394;Calitzdorp Dam
Western Cape;2019;6;0,763439;4,8167;15,84983495;Calitzdorp Dam
Western Cape;2019;7;0,842974;4,8167;17,5010692;Calitzdorp Dam
Western Cape;2019;8;0,945995;4,8167;19,63989869;Calitzdorp Dam
Western Cape;2019;9;0,679062;4,8167;14,09807545;Calitzdorp Dam
Western Cape;2019;10;0,716327;4,8167;14,87173791;Calitzdorp Dam
Western Cape;2019;11;0,493604;4,8167;10,24776299;Calitzdorp Dam
Western Cape;2019;12;0,471282;4,8167;9,784333672;Calitzdorp Dam
Western Cape;2020;1;0,41266;4,8167;8,567276351;Calitzdorp Dam
Western Cape;2020;2;1,946936;4,8167;40,42053688;Calitzdorp Dam
Western Cape;2020;3;1,775738;4,8167;36,86627774;Calitzdorp Dam
Western Cape;2020;4;1,877627;4,8167;38,98160566;Calitzdorp Dam
Western Cape;2020;5;2,090581;4,8167;43,40276538;Calitzdorp Dam
Western Cape;2020;6;2,338159;4,8167;48,54275749;Calitzdorp Dam
Western Cape;2020;7;2,454738;4,8167;50,963066;Calitzdorp Dam
Western Cape;2020;8;2,555722;4,8167;53,05960512;Calitzdorp Dam
Western Cape;2020;9;2,377005;4,8167;49,34924326;Calitzdorp Dam
Western Cape;2020;10;2,465371;4,8167;51,1838188;Calitzdorp Dam
Western Cape;2020;11;3,186178;4,8167;66,14856645;Calitzdorp Dam
Western Cape;2020;12;2,881918;4,8167;59,83179355;Calitzdorp Dam
Western Cape;2021;1;2,499354;4,8167;51,88934333;Calitzdorp Dam
Western Cape;2021;2;1,968934;4,8167;40,8772396;Calitzdorp Dam
Western Cape;2021;3;1,769753;4,8167;36,74202255;Calitzdorp Dam
Western Cape;2021;4;2,083647;4,8167;43,2588079;Calitzdorp Dam
Western Cape;2021;5;1,591854;4,8167;33,04864326;Calitzdorp Dam
Western Cape;2021;6;1,958916;4,8167;40,66925488;Calitzdorp Dam
Western Cape;2021;7;2,080185;4,8167;43,18693296;Calitzdorp Dam
Western Cape;2021;8;2,171349;4,8167;45,07959807;Calitzdorp Dam
Western Cape;2021;9;2,302622;4,8167;47,80497021;Calitzdorp Dam
Western Cape;2021;10;2,340368;4,8167;48,58861876;Calitzdorp Dam
Western Cape;2021;11;2,503958;4,8167;51,98492744;Calitzdorp Dam
Western Cape;2021;12;2,939474;4,8167;61,02671954;Calitzdorp Dam
Western Cape;2017;1;14,28;17,25;82,7826087;Ceres Dam
Western Cape;2017;2;12,628559;17,25;73,20903768;Ceres Dam
Western Cape;2017;3;11,151402;17,25;64,6458087;Ceres Dam
Western Cape;2017;4;9,561412;17,25;55,42847536;Ceres Dam
Western Cape;2017;5;8,44;17,25;48,92753623;Ceres Dam
Western Cape;2017;6;7,06342;17,25;40,94736232;Ceres Dam
Western Cape;2017;7;7,024272;17,25;40,72041739;Ceres Dam
Western Cape;2017;8;6,92228;17,25;40,12915942;Ceres Dam
Western Cape;2017;9;7,205701;17,25;41,77217971;Ceres Dam
Western Cape;2017;10;7,42;17,25;43,01449275;Ceres Dam
Western Cape;2017;11;7,811408;17,25;45,28352464;Ceres Dam
Western Cape;2017;12;7,794849;17,25;45,18753043;Ceres Dam
Western Cape;2018;1;6,82;17,25;39,53623188;Ceres Dam
Western Cape;2018;2;5,89;17,25;34,14492754;Ceres Dam
Western Cape;2018;3;5,03;17,25;29,15942029;Ceres Dam
Western Cape;2018;4;4,05;17,25;23,47826087;Ceres Dam
Western Cape;2018;5;3,764562;17,25;21,82354783;Ceres Dam
Western Cape;2018;6;4,81141;17,25;27,89223188;Ceres Dam
Western Cape;2018;7;10,132838;17,25;58,74108986;Ceres Dam
Western Cape;2018;8;12,83;17,25;74,37681159;Ceres Dam
Western Cape;2018;9;15,038552;17,25;87,18001159;Ceres Dam
Western Cape;2018;10;17,3;17,25;100,2898551;Ceres Dam
Western Cape;2018;11;17,224261;17,25;99,85078841;Ceres Dam
Western Cape;2018;12;16,698554;17,25;96,80321159;Ceres Dam
Western Cape;2019;1;15,883132;17,25;92,07612754;Ceres Dam
Western Cape;2019;2;14,822283;17,25;85,92627826;Ceres Dam
Western Cape;2019;3;13,425695;17,25;77,83011594;Ceres Dam
Western Cape;2019;4;12,38;17,25;71,76811594;Ceres Dam
Western Cape;2019;5;11,523133;17,25;66,80077101;Ceres Dam
Western Cape;2019;6;10,355705;17,25;60,03307246;Ceres Dam
Western Cape;2019;7;10,27;17,25;59,53623188;Ceres Dam
Western Cape;2019;8;13,445696;17,25;77,94606377;Ceres Dam
Western Cape;2019;9;14,641408;17,25;84,87772754;Ceres Dam
Western Cape;2019;10;14,564279;17,25;84,4306029;Ceres Dam
Western Cape;2019;11;14,727133;17,25;85,37468406;Ceres Dam
Western Cape;2019;12;14,345696;17,25;83,16345507;Ceres Dam
Western Cape;2020;1;13,352846;17,25;77,4078029;Ceres Dam
Western Cape;2020;2;12,138558;17,25;70,36845217;Ceres Dam
Western Cape;2020;3;10,825705;17,25;62,75771014;Ceres Dam
Western Cape;2020;4;9,481412;17,25;54,96470725;Ceres Dam
Western Cape;2020;5;8,656265;17,25;50,18124638;Ceres Dam
Western Cape;2020;6;7,94;17,25;46,02898551;Ceres Dam
Western Cape;2020;7;8,27712;17,25;47,98330435;Ceres Dam
Western Cape;2020;8;13,091406;17,25;75,8922087;Ceres Dam
Western Cape;2020;9;17,068554;17,25;98,94813913;Ceres Dam
Western Cape;2020;10;17,25;17,25;100;Ceres Dam
Western Cape;2020;11;17,25;17,25;100;Ceres Dam
Western Cape;2020;12;17,114268;17,25;99,21314783;Ceres Dam
Western Cape;2021;1;16,107134;17,25;93,37468986;Ceres Dam
Western Cape;2021;2;14,82;17,25;85,91304348;Ceres Dam
Western Cape;2021;3;13,51;17,25;78,31884058;Ceres Dam
Western Cape;2021;4;12,47;17,25;72,28985507;Ceres Dam
Western Cape;2021;5;11,22;17,25;65,04347826;Ceres Dam
Western Cape;2021;6;10,355705;17,25;60,03307246;Ceres Dam
Western Cape;2021;7;11,082844;17,25;64,24837101;Ceres Dam
Western Cape;2021;8;14,72856;17,25;85,38295652;Ceres Dam
Western Cape;2021;9;16,388553;17,25;95,00610435;Ceres Dam
Western Cape;2021;10;17,25;17,25;100;Ceres Dam
Western Cape;2021;11;17,25;17,25;100;Ceres Dam
Western Cape;2021;12;17,25;17,25;100;Ceres Dam
Western Cape;2017;1;80,493941;122,480305;65,71990574;Clanwilliam Dam
Western Cape;2017;2;60,92366;122,480305;49,74159723;Clanwilliam Dam
Western Cape;2017;3;40,716809;122,480305;33,24355618;Clanwilliam Dam
Western Cape;2017;4;21,327701;122,480305;17,41316777;Clanwilliam Dam
Western Cape;2017;5;9,288342;122,480305;7,583539247;Clanwilliam Dam
Western Cape;2017;6;7,397602;122,480305;6,039829832;Clanwilliam Dam
Western Cape;2017;7;22,272044;122,480305;18,18418398;Clanwilliam Dam
Western Cape;2017;8;33,603309;122,480305;27,43568364;Clanwilliam Dam
Western Cape;2017;9;45,870946;122,480305;37,45169152;Clanwilliam Dam
Western Cape;2017;10;51,008791;122,480305;41,64652513;Clanwilliam Dam
Western Cape;2017;11;47,711789;122,480305;38,95466214;Clanwilliam Dam
Western Cape;2017;12;40,40191;122,480305;32,98645443;Clanwilliam Dam
Western Cape;2018;1;29,139219;122,480305;23,79094255;Clanwilliam Dam
Western Cape;2018;2;19,360867;122,480305;15,80733082;Clanwilliam Dam
Western Cape;2018;3;11,197488;122,480305;9,142276385;Clanwilliam Dam
Western Cape;2018;4;7,228749;122,480305;5,901968484;Clanwilliam Dam
Western Cape;2018;5;6,144524;122,480305;5,016744529;Clanwilliam Dam
Western Cape;2018;6;10,735887;122,480305;8,765398649;Clanwilliam Dam
Western Cape;2018;7;78,263679;122,480305;63,89899094;Clanwilliam Dam
Western Cape;2018;8;121,022643;122,480305;98,80988049;Clanwilliam Dam
Western Cape;2018;9;121,582045;122,480305;99,26660862;Clanwilliam Dam
Western Cape;2018;10;122,592545;122,480305;100,0916392;Clanwilliam Dam
Western Cape;2018;11;118,800464;122,480305;96,99556512;Clanwilliam Dam
Western Cape;2018;12;104,992148;122,480305;85,72165786;Clanwilliam Dam
Western Cape;2019;1;86,076623;122,480305;70,27792999;Clanwilliam Dam
Western Cape;2019;2;63,852051;122,480305;52,1325049;Clanwilliam Dam
Western Cape;2019;3;43,061152;122,480305;35,1576133;Clanwilliam Dam
Western Cape;2019;4;27,644308;122,480305;22,57041081;Clanwilliam Dam
Western Cape;2019;5;14,274371;122,480305;11,6544215;Clanwilliam Dam
Western Cape;2019;6;11,607589;122,480305;9,477106544;Clanwilliam Dam
Western Cape;2019;7;22,275992;122,480305;18,18740736;Clanwilliam Dam
Western Cape;2019;8;97,31924;122,480305;79,4570523;Clanwilliam Dam
Western Cape;2019;9;124,351467;122,480305;101,5277248;Clanwilliam Dam
Western Cape;2019;10;120,264334;122,480305;98,1907532;Clanwilliam Dam
Western Cape;2019;11;111,997471;122,480305;91,44120845;Clanwilliam Dam
Western Cape;2019;12;100,244393;122,480305;81,84531627;Clanwilliam Dam
Western Cape;2020;1;76,9029;122,480305;62,78797232;Clanwilliam Dam
Western Cape;2020;2;55,221797;122,480305;45,08626673;Clanwilliam Dam
Western Cape;2020;3;36,410128;122,480305;29,7273329;Clanwilliam Dam
Western Cape;2020;4;18,48433;122,480305;15,09167535;Clanwilliam Dam
Western Cape;2020;5;7,176475;122,480305;5,859288969;Clanwilliam Dam
Western Cape;2020;6;7,027128;122,480305;5,737353446;Clanwilliam Dam
Western Cape;2020;7;30,307312;122,480305;24,74464119;Clanwilliam Dam
Western Cape;2020;8;122,109293;122,480305;99,69708436;Clanwilliam Dam
Western Cape;2020;9;120,810475;122,480305;98,63665428;Clanwilliam Dam
Western Cape;2020;10;122,502748;122,480305;100,0183238;Clanwilliam Dam
Western Cape;2020;11;120,353399;122,480305;98,26347101;Clanwilliam Dam
Western Cape;2020;12;114,059831;122,480305;93,12503835;Clanwilliam Dam
Western Cape;2021;1;94,182182;122,480305;76,89577684;Clanwilliam Dam
Western Cape;2021;2;70,046992;122,480305;57,19041278;Clanwilliam Dam
Western Cape;2021;3;50,453552;122,480305;41,19319592;Clanwilliam Dam
Western Cape;2021;4;33,08581;122,480305;27,01316755;Clanwilliam Dam
Western Cape;2021;5;19,323279;122,480305;15,7766418;Clanwilliam Dam
Western Cape;2021;6;23,734179;122,480305;19,3779555;Clanwilliam Dam
Western Cape;2021;7;39,536021;122,480305;32,27949261;Clanwilliam Dam
Western Cape;2021;8;123,256016;122,480305;100,6333353;Clanwilliam Dam
Western Cape;2021;9;121,26859;122,480305;99,01068584;Clanwilliam Dam
Western Cape;2021;10;122,379053;122,480305;99,91733202;Clanwilliam Dam
Western Cape;2021;11;122,704847;122,480305;100,1833291;Clanwilliam Dam
Western Cape;2021;12;119,986262;122,480305;97,96371915;Clanwilliam Dam
Western Cape;2017;1;1,565356;1,9363;80,84263802;De Bos Dam
Western Cape;2017;2;1,93382;1,9363;99,87192067;De Bos Dam
Western Cape;2017;3;1,951102;1,9363;100,7644477;De Bos Dam
Western Cape;2017;4;1,959191;1,9363;101,1822032;De Bos Dam
Western Cape;2017;5;1,983539;1,9363;102,4396529;De Bos Dam
Western Cape;2017;6;1,968285;1,9363;101,6518618;De Bos Dam
Western Cape;2017;7;1,915198;1,9363;98,91018954;De Bos Dam
Western Cape;2017;8;1,847252;1,9363;95,40112586;De Bos Dam
Western Cape;2017;9;1,787244;1,9363;92,30201932;De Bos Dam
Western Cape;2017;10;1,680698;1,9363;86,79946289;De Bos Dam
Western Cape;2017;11;1,640348;1,9363;84,71559159;De Bos Dam
Western Cape;2017;12;1,576206;1,9363;81,40298507;De Bos Dam
Western Cape;2018;1;1,808064;1,9363;93,37726592;De Bos Dam
Western Cape;2018;2;1,839717;1,9363;95,01198161;De Bos Dam
Western Cape;2018;3;1,984139;1,9363;102,4706399;De Bos Dam
Western Cape;2018;4;1,936581;1,9363;100,0145122;De Bos Dam
Western Cape;2018;5;1,96924;1,9363;101,7011827;De Bos Dam
Western Cape;2018;6;1,968983;1,9363;101,6879099;De Bos Dam
Western Cape;2018;7;1,961746;1,9363;101,3141559;De Bos Dam
Western Cape;2018;8;1,925194;1,9363;99,42643185;De Bos Dam
Western Cape;2018;9;1,894801;1,9363;97,85678872;De Bos Dam
Western Cape;2018;10;1,810583;1,9363;93,5073594;De Bos Dam
Western Cape;2018;11;1,645826;1,9363;84,9985023;De Bos Dam
Western Cape;2018;12;1,465993;1,9363;75,71104684;De Bos Dam
Western Cape;2019;1;1,374316;1,9363;70,97639829;De Bos Dam
Western Cape;2019;2;1,722384;1,9363;88,95233177;De Bos Dam
Western Cape;2019;3;1,933515;1,9363;99,85616898;De Bos Dam
Western Cape;2019;4;1,894801;1,9363;97,85678872;De Bos Dam
Western Cape;2019;5;1,894408;1,9363;97,83649228;De Bos Dam
Western Cape;2019;6;1,914821;1,9363;98,89071941;De Bos Dam
Western Cape;2019;7;1,848644;1,9363;95,47301555;De Bos Dam
Western Cape;2019;8;1,846856;1,9363;95,38067448;De Bos Dam
Western Cape;2019;9;1,755693;1,9363;90,6725714;De Bos Dam
Western Cape;2019;10;1,656332;1,9363;85,54108351;De Bos Dam
Western Cape;2019;11;1,54026;1,9363;79,54655787;De Bos Dam
Western Cape;2019;12;1,451967;1,9363;74,98667562;De Bos Dam
Western Cape;2020;1;1,518303;1,9363;78,41259102;De Bos Dam
Western Cape;2020;2;1,865528;1,9363;96,34498786;De Bos Dam
Western Cape;2020;3;1,956072;1,9363;101,0211228;De Bos Dam
Western Cape;2020;4;2,017365;1,9363;104,186593;De Bos Dam
Western Cape;2020;5;2,004946;1,9363;103,5452151;De Bos Dam
Western Cape;2020;6;1,886539;1,9363;97,43009864;De Bos Dam
Western Cape;2020;7;1,850177;1,9363;95,55218716;De Bos Dam
Western Cape;2020;8;1,82976;1,9363;94,49775345;De Bos Dam
Western Cape;2020;9;1,765343;1,9363;91,17094459;De Bos Dam
Western Cape;2020;10;1,764104;1,9363;91,10695657;De Bos Dam
Western Cape;2020;11;1,902265;1,9363;98,24226618;De Bos Dam
Western Cape;2020;12;1,936021;1,9363;99,98559108;De Bos Dam
Western Cape;2021;1;2,000626;1,9363;103,3221092;De Bos Dam
Western Cape;2021;2;2,071684;1,9363;106,9918918;De Bos Dam
Western Cape;2021;3;2,036527;1,9363;105,1762124;De Bos Dam
Western Cape;2021;4;1,987074;1,9363;102,6222176;De Bos Dam
Western Cape;2021;5;2,009882;1,9363;103,8001343;De Bos Dam
Western Cape;2021;6;1,998489;1,9363;103,211744;De Bos Dam
Western Cape;2021;7;1,933236;1,9363;99,84176006;De Bos Dam
Western Cape;2021;8;1,867742;1,9363;96,45932965;De Bos Dam
Western Cape;2021;9;1,826759;1,9363;94,34276713;De Bos Dam
Western Cape;2021;10;1,743373;1,9363;90,03630636;De Bos Dam
Western Cape;2021;11;1,598028;1,9363;82,52997986;De Bos Dam
Western Cape;2021;12;1,991923;1,9363;102,8726437;De Bos Dam
Western Cape;2017;1;6,870238;12,422059;55,30675712;De Bos Dam
Western Cape;2017;2;7,477795;12,422059;60,19770957;De Bos Dam
Western Cape;2017;3;8,113468;12,422059;65,31500132;De Bos Dam
Western Cape;2017;4;7,575926;12,422059;60,98768328;De Bos Dam
Western Cape;2017;5;6,800006;12,422059;54,74137581;De Bos Dam
Western Cape;2017;6;6,000626;12,422059;48,30621075;De Bos Dam
Western Cape;2017;7;5,173003;12,422059;41,64368403;De Bos Dam
Western Cape;2017;8;4,526057;12,422059;36,43564243;De Bos Dam
Western Cape;2017;9;4,325584;12,422059;34,82179565;De Bos Dam
Western Cape;2017;10;5,443182;12,422059;43,81867772;De Bos Dam
Western Cape;2017;11;6,301055;12,422059;50,72472285;De Bos Dam
Western Cape;2017;12;7,602564;12,422059;61,20212438;De Bos Dam
Western Cape;2018;1;7,888476;12,422059;63,5037718;De Bos Dam
Western Cape;2018;2;9,147832;12,422059;73,64183345;De Bos Dam
Western Cape;2018;3;9,480426;12,422059;76,31928008;De Bos Dam
Western Cape;2018;4;9,978994;12,422059;80,33284981;De Bos Dam
Western Cape;2018;5;9,886975;12,422059;79,5920789;De Bos Dam
Western Cape;2018;6;9,139668;12,422059;73,57611166;De Bos Dam
Western Cape;2018;7;8,434196;12,422059;67,89692433;De Bos Dam
Western Cape;2018;8;7,562269;12,422059;60,87774177;De Bos Dam
Western Cape;2018;9;6,812132;12,422059;54,83899247;De Bos Dam
Western Cape;2018;10;6,948386;12,422059;55,93586377;De Bos Dam
Western Cape;2018;11;6,66877;12,422059;53,68490039;De Bos Dam
Western Cape;2018;12;7,878884;12,422059;63,42655433;De Bos Dam
Western Cape;2019;1;7,891429;12,422059;63,52754402;De Bos Dam
Western Cape;2019;2;7,98928;12,422059;64,31526368;De Bos Dam
Western Cape;2019;3;8,124;12,422059;65,39978598;De Bos Dam
Western Cape;2019;4;8,987963;12,422059;72,35485679;De Bos Dam
Western Cape;2019;5;9,041299;12,422059;72,784222;De Bos Dam
Western Cape;2019;6;7,988536;12,422059;64,30927433;De Bos Dam
Western Cape;2019;7;7,278297;12,422059;58,59171173;De Bos Dam
Western Cape;2019;8;7,286017;12,422059;58,65385924;De Bos Dam
Western Cape;2019;9;6,716807;12,422059;54,07160761;De Bos Dam
Western Cape;2019;10;6,197151;12,422059;49,88827537;De Bos Dam
Western Cape;2019;11;6,183538;12,422059;49,77868806;De Bos Dam
Western Cape;2019;12;7,26147;12,422059;58,45625109;De Bos Dam
Western Cape;2020;1;6,65945;12,422059;53,60987257;De Bos Dam
Western Cape;2020;2;9,978994;12,422059;80,33284981;De Bos Dam
Western Cape;2020;3;9,703019;12,422059;78,11119719;De Bos Dam
Western Cape;2020;4;9,444428;12,422059;76,02948915;De Bos Dam
Western Cape;2020;5;9,251138;12,422059;74,47346692;De Bos Dam
Western Cape;2020;6;9,423547;12,422059;75,86139303;De Bos Dam
Western Cape;2020;7;9,085917;12,422059;73,14340561;De Bos Dam
Western Cape;2020;8;8,291465;12,422059;66,74791192;De Bos Dam
Western Cape;2020;9;7,903987;12,422059;63,62863838;De Bos Dam
Western Cape;2020;10;9,237975;12,422059;74,3675022;De Bos Dam
Western Cape;2020;11;9,978994;12,422059;80,33284981;De Bos Dam
Western Cape;2020;12;9,978994;12,422059;80,33284981;De Bos Dam
Western Cape;2021;1;9,978994;12,422059;80,33284981;De Bos Dam
Western Cape;2021;2;9,978994;12,422059;80,33284981;De Bos Dam
Western Cape;2021;3;9,978994;12,422059;80,33284981;De Bos Dam
Western Cape;2021;4;9,978994;12,422059;80,33284981;De Bos Dam
Western Cape;2021;5;9,978994;12,422059;80,33284981;De Bos Dam
Western Cape;2021;6;9,978994;12,422059;80,33284981;De Bos Dam
Western Cape;2021;7;9,907758;12,422059;79,7593861;De Bos Dam
Western Cape;2021;8;9,194947;12,422059;74,0211184;De Bos Dam
Western Cape;2021;9;9,978994;12,422059;80,33284981;De Bos Dam
Western Cape;2021;10;9,978994;12,422059;80,33284981;De Bos Dam
Western Cape;2021;11;9,978994;12,422059;80,33284981;De Bos Dam
Western Cape;2021;12;9,978994;12,422059;80,33284981;De Bos Dam
Western Cape;2017;1;56,954222;301,255033;18,90564995;De Bos Dam
Western Cape;2017;2;81,791672;301,255033;27,15030889;De Bos Dam
Western Cape;2017;3;89,140062;301,255033;29,58956772;De Bos Dam
Western Cape;2017;4;91,131402;301,255033;30,2505824;De Bos Dam
Western Cape;2017;5;89,635164;301,255033;29,75391419;De Bos Dam
Western Cape;2017;6;100,381696;301,255033;33,32116811;De Bos Dam
Western Cape;2017;7;102,475267;301,255033;34,01611783;De Bos Dam
Western Cape;2017;8;102,17443;301,255033;33,9162566;De Bos Dam
Western Cape;2017;9;98,612069;301,255033;32,73374988;De Bos Dam
Western Cape;2017;10;95,466743;301,255033;31,6896757;De Bos Dam
Western Cape;2017;11;95,713363;301,255033;31,7715399;De Bos Dam
Western Cape;2017;12;101,03659;301,255033;33,53855668;De Bos Dam
Western Cape;2018;1;110,593586;301,255033;36,71095049;De Bos Dam
Western Cape;2018;2;106,693276;301,255033;35,4162634;De Bos Dam
Western Cape;2018;3;106,942105;301,255033;35,49886086;De Bos Dam
Western Cape;2018;4;109,262084;301,255033;36,2689655;De Bos Dam
Western Cape;2018;5;112,193456;301,255033;37,24201879;De Bos Dam
Western Cape;2018;6;138,962024;301,255033;46,12770204;De Bos Dam
Western Cape;2018;7;142,889373;301,255033;47,43136457;De Bos Dam
Western Cape;2018;8;143,0091;301,255033;47,47110731;De Bos Dam
Western Cape;2018;9;143,589867;301,255033;47,66388982;De Bos Dam
Western Cape;2018;10;143,558434;301,255033;47,6534558;De Bos Dam
Western Cape;2018;11;141,733785;301,255033;47,04777331;De Bos Dam
Western Cape;2018;12;138,503995;301,255033;45,97566176;De Bos Dam
Western Cape;2019;1;138,290101;301,255033;45,90466079;De Bos Dam
Western Cape;2019;2;135,398513;301,255033;44,94481359;De Bos Dam
Western Cape;2019;3;147,04853;301,255033;48,81197454;De Bos Dam
Western Cape;2019;4;149,820857;301,255033;49,73223369;De Bos Dam
Western Cape;2019;5;151,53022;301,255033;50,29964761;De Bos Dam
Western Cape;2019;6;147,612467;301,255033;48,99917041;De Bos Dam
Western Cape;2019;7;142,761572;301,255033;47,38894171;De Bos Dam
Western Cape;2019;8;137,8409;301,255033;45,75555091;De Bos Dam
Western Cape;2019;9;131,81649;301,255033;43,75578017;De Bos Dam
Western Cape;2019;10;126,996801;301,255033;42,15591014;De Bos Dam
Western Cape;2019;11;122,986067;301,255033;40,8245684;De Bos Dam
Western Cape;2019;12;128,896203;301,255033;42,78640649;De Bos Dam
Western Cape;2020;1;144,11862;301,255033;47,83940655;De Bos Dam
Western Cape;2020;2;155,437176;301,255033;51,5965408;De Bos Dam
Western Cape;2020;3;159,499801;301,255033;52,94510748;De Bos Dam
Western Cape;2020;4;165,446178;301,255033;54,91897558;De Bos Dam
Western Cape;2020;5;168,911584;301,255033;56,0692986;De Bos Dam
Western Cape;2020;6;167,115208;301,255033;55,47300118;De Bos Dam
Western Cape;2020;7;165,421596;301,255033;54,91081571;De Bos Dam
Western Cape;2020;8;161,863427;301,255033;53,72970051;De Bos Dam
Western Cape;2020;9;157,706258;301,255033;52,34975045;De Bos Dam
Western Cape;2020;10;153,941775;301,255033;51,10015042;De Bos Dam
Western Cape;2020;11;153,518522;301,255033;50,95965384;De Bos Dam
Western Cape;2020;12;158,937091;301,255033;52,7583189;De Bos Dam
Western Cape;2021;1;173,863918;301,255033;57,71319943;De Bos Dam
Western Cape;2021;2;195,544645;301,255033;64,91000102;De Bos Dam
Western Cape;2021;3;217,34465;301,255033;72,14639631;De Bos Dam
Western Cape;2021;4;227,974126;301,255033;75,67479412;De Bos Dam
Western Cape;2021;5;226,2019;301,255033;75,08651316;De Bos Dam
Western Cape;2021;6;224,559876;301,255033;74,54145206;De Bos Dam
Western Cape;2021;7;223,253481;301,255033;74,10780121;De Bos Dam
Western Cape;2021;8;218,290063;301,255033;72,4602211;De Bos Dam
Western Cape;2021;9;213,929668;301,255033;71,01281126;De Bos Dam
Western Cape;2021;10;213,603315;301,255033;70,90448013;De Bos Dam
Western Cape;2021;11;215,402303;301,255033;71,50164459;De Bos Dam
Western Cape;2021;12;214,054536;301,255033;71,05426053;De Bos Dam
Western Cape;2017;1;0,75957;1,9394;39,16520573;Berg River Dam
Western Cape;2017;2;0,577458;1,9394;29,77508508;Berg River Dam
Western Cape;2017;3;0,440264;1,9394;22,70104156;Berg River Dam
Western Cape;2017;4;0,305414;1,9394;15,74786016;Berg River Dam
Western Cape;2017;5;0,258308;1,9394;13,31896463;Berg River Dam
Western Cape;2017;6;0,248875;1,9394;12,83257709;Berg River Dam
Western Cape;2017;7;0,248289;1,9394;12,80236156;Berg River Dam
Western Cape;2017;8;0,247622;1,9394;12,76796948;Berg River Dam
Western Cape;2017;9;0,244063;1,9394;12,58445911;Berg River Dam
Western Cape;2017;10;0,22242;1,9394;11,46849541;Berg River Dam
Western Cape;2017;11;0,208546;1,9394;10,75311952;Berg River Dam
Western Cape;2017;12;0,183375;1,9394;9,45524389;Berg River Dam
Western Cape;2018;1;0,122143;1,9394;6,297978756;Berg River Dam
Western Cape;2018;2;0,079786;1,9394;4,113952769;Berg River Dam
Western Cape;2018;3;0,031414;1,9394;1,619779313;Berg River Dam
Western Cape;2018;4;0,013488;1,9394;0,695472827;Berg River Dam
Western Cape;2018;5;0,0039;1,9394;0,201093122;Berg River Dam
Western Cape;2018;6;0,001784;1,9394;0,091987213;Berg River Dam
Western Cape;2018;7;0,002811;1,9394;0,144941735;Berg River Dam
Western Cape;2018;8;0,003419;1,9394;0,176291637;Berg River Dam
Western Cape;2018;9;0,003825;1,9394;0,197225946;Berg River Dam
Western Cape;2018;10;0,004117;1,9394;0,212282149;Berg River Dam
Western Cape;2018;11;0,002125;1,9394;0,10956997;Berg River Dam
Western Cape;2018;12;0,000278;1,9394;0,01433433;Berg River Dam
Western Cape;2019;1;0,000278;1,9394;0,01433433;Berg River Dam
Western Cape;2019;2;0,000278;1,9394;0,01433433;Berg River Dam
Western Cape;2019;3;0,000278;1,9394;0,01433433;Berg River Dam
Western Cape;2019;4;0,000278;1,9394;0,01433433;Berg River Dam
Western Cape;2019;5;0,000278;1,9394;0,01433433;Berg River Dam
Western Cape;2019;6;0,000278;1,9394;0,01433433;Berg River Dam
Western Cape;2019;7;0,000278;1,9394;0,01433433;Berg River Dam
Western Cape;2019;8;0,000278;1,9394;0,01433433;Berg River Dam
Western Cape;2019;9;0,000278;1,9394;0,01433433;Berg River Dam
Western Cape;2019;10;0,000278;1,9394;0,01433433;Berg River Dam
Western Cape;2019;11;0,000278;1,9394;0,01433433;Berg River Dam
Western Cape;2019;12;0,000278;1,9394;0,01433433;Berg River Dam
Western Cape;2020;1;0,000278;1,9394;0,01433433;Berg River Dam
Western Cape;2020;2;0,043942;1,9394;2,265752295;Berg River Dam
Western Cape;2020;3;0,039288;1,9394;2,025781169;Berg River Dam
Western Cape;2020;4;0,036119;1,9394;1,862380118;Berg River Dam
Western Cape;2020;5;0,034045;1,9394;1,755439827;Berg River Dam
Western Cape;2020;6;0,03243;1,9394;1,672166649;Berg River Dam
Western Cape;2020;7;0,046607;1,9394;2,403165928;Berg River Dam
Western Cape;2020;8;0,136875;1,9394;7,057595133;Berg River Dam
Western Cape;2020;9;0,577525;1,9394;29,77853975;Berg River Dam
Western Cape;2020;10;0,92313;1,9394;47,59874188;Berg River Dam
Western Cape;2020;11;1,54798;1,9394;79,81746932;Berg River Dam
Western Cape;2020;12;1,428022;1,9394;73,63215427;Berg River Dam
Western Cape;2021;1;1,241786;1,9394;64,02939053;Berg River Dam
Western Cape;2021;2;1,062409;1,9394;54,78029287;Berg River Dam
Western Cape;2021;3;0,910283;1,9394;46,93632051;Berg River Dam
Western Cape;2021;4;0,766707;1,9394;39,53320615;Berg River Dam
Western Cape;2021;5;0,711482;1,9394;36,68567598;Berg River Dam
Western Cape;2021;6;1,32525;1,9394;68,33298958;Berg River Dam
Western Cape;2021;7;1,336344;1,9394;68,90502217;Berg River Dam
Western Cape;2021;8;1,924082;1,9394;99,21016809;Berg River Dam
Western Cape;2021;9;1,939915;1,9394;100,0265546;Berg River Dam
Western Cape;2021;10;1,926673;1,9394;99,34376611;Berg River Dam
Western Cape;2021;11;1,860018;1,9394;95,90687842;Berg River Dam
Western Cape;2021;12;1,783207;1,9394;91,94632361;Berg River Dam
Western Cape;2017;1;23,573604;48,056077;49,05436621;De Bos Dam
Western Cape;2017;2;22,560538;48,056077;46,94627487;De Bos Dam
Western Cape;2017;3;28,130387;48,056077;58,53658633;De Bos Dam
Western Cape;2017;4;30,333204;48,056077;63,12043324;De Bos Dam
Western Cape;2017;5;31,852002;48,056077;66,28090345;De Bos Dam
Western Cape;2017;6;32,841623;48,056077;68,34020804;De Bos Dam
Western Cape;2017;7;32,820797;48,056077;68,29687117;De Bos Dam
Western Cape;2017;8;32,330512;48,056077;67,276636;De Bos Dam
Western Cape;2017;9;31,550307;48,056077;65,65310564;De Bos Dam
Western Cape;2017;10;29,864137;48,056077;62,14435065;De Bos Dam
Western Cape;2017;11;28,697403;48,056077;59,71649122;De Bos Dam
Western Cape;2017;12;26,877501;48,056077;55,929453;De Bos Dam
Western Cape;2018;1;39,802515;48,056077;82,82514405;De Bos Dam
Western Cape;2018;2;45,185458;48,056077;94,02652239;De Bos Dam
Western Cape;2018;3;45,033438;48,056077;93,71018363;De Bos Dam
Western Cape;2018;4;45,874197;48,056077;95,45972094;De Bos Dam
Western Cape;2018;5;46,590662;48,056077;96,95061459;De Bos Dam
Western Cape;2018;6;46,866499;48,056077;97,52460443;De Bos Dam
Western Cape;2018;7;46,797434;48,056077;97,38088692;De Bos Dam
Western Cape;2018;8;46,990992;48,056077;97,7836622;De Bos Dam
Western Cape;2018;9;46,096074;48,056077;95,9214253;De Bos Dam
Western Cape;2018;10;43,996726;48,056077;91,55288727;De Bos Dam
Western Cape;2018;11;43,777359;48,056077;91,09640598;De Bos Dam
Western Cape;2018;12;43,214874;48,056077;89,92592966;De Bos Dam
Western Cape;2019;1;42,972252;48,056077;89,42105699;De Bos Dam
Western Cape;2019;2;46,010509;48,056077;95,74337289;De Bos Dam
Western Cape;2019;3;45,965041;48,056077;95,64875843;De Bos Dam
Western Cape;2019;4;44,979868;48,056077;93,59870969;De Bos Dam
Western Cape;2019;5;45,815215;48,056077;95,33698516;De Bos Dam
Western Cape;2019;6;45,203366;48,056077;94,06378719;De Bos Dam
Western Cape;2019;7;43,772979;48,056077;91,08729162;De Bos Dam
Western Cape;2019;8;42,066513;48,056077;87,53630264;De Bos Dam
Western Cape;2019;9;40,502434;48,056077;84,28160709;De Bos Dam
Western Cape;2019;10;38,740416;48,056077;80,61501982;De Bos Dam
Western Cape;2019;11;36,41368;48,056077;75,77330959;De Bos Dam
Western Cape;2019;12;35,068019;48,056077;72,97312055;De Bos Dam
Western Cape;2020;1;45,418644;48,056077;94,51175967;De Bos Dam
Western Cape;2020;2;45,919603;48,056077;95,55420639;De Bos Dam
Western Cape;2020;3;46,357084;48,056077;96,4645616;De Bos Dam
Western Cape;2020;4;46,53563;48,056077;96,83609838;De Bos Dam
Western Cape;2020;5;46,306811;48,056077;96,3599484;De Bos Dam
Western Cape;2020;6;45,965041;48,056077;95,64875843;De Bos Dam
Western Cape;2020;7;44,86395;48,056077;93,35749566;De Bos Dam
Western Cape;2020;8;43,74233;48,056077;91,02351405;De Bos Dam
Western Cape;2020;9;42,271391;48,056077;87,96263374;De Bos Dam
Western Cape;2020;10;40,135157;48,056077;83,51733954;De Bos Dam
Western Cape;2020;11;38,75233;48,056077;80,63981169;De Bos Dam
Western Cape;2020;12;37,288019;48,056077;77,5927236;De Bos Dam
Western Cape;2021;1;36,121623;48,056077;75,16556751;De Bos Dam
Western Cape;2021;2;38,875588;48,056077;80,89629955;De Bos Dam
Western Cape;2021;3;45,29298;48,056077;94,25026516;De Bos Dam
Western Cape;2021;4;46,06056;48,056077;95,84752413;De Bos Dam
Western Cape;2021;5;45,082582;48,056077;93,81244749;De Bos Dam
Western Cape;2021;6;43,550018;48,056077;90,62333157;De Bos Dam
Western Cape;2021;7;42,37837;48,056077;88,18524658;De Bos Dam
Western Cape;2021;8;41,202443;48,056077;85,73825741;De Bos Dam
Western Cape;2021;9;39,867272;48,056077;82,95989704;De Bos Dam
Western Cape;2021;10;37,990954;48,056077;79,05546264;De Bos Dam
Western Cape;2021;11;37,468388;48,056077;77,96805386;De Bos Dam
Western Cape;2021;12;37,291835;48,056077;77,60066432;De Bos Dam
Western Cape;2017;1;36,618367;171,934807;21,29782075;De Bos Dam
Western Cape;2017;2;40,882874;171,934807;23,77812539;De Bos Dam
Western Cape;2017;3;45,36004;171,934807;26,38211587;De Bos Dam
Western Cape;2017;4;44,605215;171,934807;25,94309772;De Bos Dam
Western Cape;2017;5;42,498986;171,934807;24,71808166;De Bos Dam
Western Cape;2017;6;40,4489;171,934807;23,52571926;De Bos Dam
Western Cape;2017;7;38,501704;171,934807;22,3931993;De Bos Dam
Western Cape;2017;8;36,474766;171,934807;21,21430014;De Bos Dam
Western Cape;2017;9;34,64028;171,934807;20,1473341;De Bos Dam
Western Cape;2017;10;32,314508;171,934807;18,79462836;De Bos Dam
Western Cape;2017;11;30,535451;171,934807;17,7599007;De Bos Dam
Western Cape;2017;12;28,466261;171,934807;16,55642711;De Bos Dam
Western Cape;2018;1;26,138463;171,934807;15,20254302;De Bos Dam
Western Cape;2018;2;23,53127;171,934807;13,68615838;De Bos Dam
Western Cape;2018;3;28,880847;171,934807;16,79755688;De Bos Dam
Western Cape;2018;4;27,500671;171,934807;15,99482471;De Bos Dam
Western Cape;2018;5;25,516095;171,934807;14,84056396;De Bos Dam
Western Cape;2018;6;23,375945;171,934807;13,59581891;De Bos Dam
Western Cape;2018;7;21,781929;171,934807;12,66871402;De Bos Dam
Western Cape;2018;8;20,021533;171,934807;11,6448399;De Bos Dam
Western Cape;2018;9;18,127077;171,934807;10,54299436;De Bos Dam
Western Cape;2018;10;15,9443;171,934807;9,27345677;De Bos Dam
Western Cape;2018;11;13,243861;171,934807;7,702838786;De Bos Dam
Western Cape;2018;12;11,619575;171,934807;6,758128388;De Bos Dam
Western Cape;2019;1;12,071537;171,934807;7,020996627;De Bos Dam
Western Cape;2019;2;10,836433;171,934807;6,302640628;De Bos Dam
Western Cape;2019;3;14,191132;171,934807;8,253786565;De Bos Dam
Western Cape;2019;4;12,798265;171,934807;7,443673113;De Bos Dam
Western Cape;2019;5;12,726621;171,934807;7,40200383;De Bos Dam
Western Cape;2019;6;11,262137;171,934807;6,5502368;De Bos Dam
Western Cape;2019;7;9,877226;171,934807;5,744750683;De Bos Dam
Western Cape;2019;8;8,683496;171,934807;5,050458457;De Bos Dam
Western Cape;2019;9;7,658759;171,934807;4,454455228;De Bos Dam
Western Cape;2019;10;6,430718;171,934807;3,740207182;De Bos Dam
Western Cape;2019;11;5,491272;171,934807;3,193810547;De Bos Dam
Western Cape;2019;12;4,847379;171,934807;2,819312206;De Bos Dam
Western Cape;2020;1;4,746197;171,934807;2,760463156;De Bos Dam
Western Cape;2020;2;4,022338;171,934807;2,339455326;De Bos Dam
Western Cape;2020;3;8,90834;171,934807;5,181231279;De Bos Dam
Western Cape;2020;4;7,638345;171,934807;4,442582124;De Bos Dam
Western Cape;2020;5;6,609716;171,934807;3,844315247;De Bos Dam
Western Cape;2020;6;5,421674;171,934807;3,153331251;De Bos Dam
Western Cape;2020;7;4,445008;171,934807;2,585286876;De Bos Dam
Western Cape;2020;8;3,46461;171,934807;2,01507191;De Bos Dam
Western Cape;2020;9;2,579514;171,934807;1,500286094;De Bos Dam
Western Cape;2020;10;1,825729;171,934807;1,06187283;De Bos Dam
Western Cape;2020;11;1,194598;171,934807;0,694797069;De Bos Dam
Western Cape;2020;12;1,186407;171,934807;0,690033054;De Bos Dam
Western Cape;2021;1;1,186407;171,934807;0,690033054;De Bos Dam
Western Cape;2021;2;7,000213;171,934807;4,071434471;De Bos Dam
Western Cape;2021;3;18,886707;171,934807;10,98480717;De Bos Dam
Western Cape;2021;4;20,793118;171,934807;12,09360592;De Bos Dam
Western Cape;2021;5;18,704009;171,934807;10,87854712;De Bos Dam
Western Cape;2021;6;17,400115;171,934807;10,12018177;De Bos Dam
Western Cape;2021;7;15,949068;171,934807;9,276229914;De Bos Dam
Western Cape;2021;8;14,88081;171,934807;8,654914185;De Bos Dam
Western Cape;2021;9;13,505187;171,934807;7,854830116;De Bos Dam
Western Cape;2021;10;12,162621;171,934807;7,07397252;De Bos Dam
Western Cape;2021;11;10,876368;171,934807;6,325867455;De Bos Dam
Western Cape;2021;12;9,929643;171,934807;5,775237239;De Bos Dam
Western Cape;2017;1;5,802819;7,726544;75,1023873;Berg River Dam
Western Cape;2017;2;4,44593;7,726544;57,54099116;Berg River Dam
Western Cape;2017;3;2,982746;7,726544;38,60388293;Berg River Dam
Western Cape;2017;4;1,780381;7,726544;23,04239774;Berg River Dam
Western Cape;2017;5;1,532298;7,726544;19,83160906;Berg River Dam
Western Cape;2017;6;0,988711;7,726544;12,79629029;Berg River Dam
Western Cape;2017;7;1,795317;7,726544;23,23570538;Berg River Dam
Western Cape;2017;8;2,230915;7,726544;28,87338764;Berg River Dam
Western Cape;2017;9;2,575463;7,726544;33,33266464;Berg River Dam
Western Cape;2017;10;2,878759;7,726544;37,25804189;Berg River Dam
Western Cape;2017;11;3,140843;7,726544;40,65003707;Berg River Dam
Western Cape;2017;12;3,067322;7,726544;39,6984991;Berg River Dam
Western Cape;2018;1;2,388391;7,726544;30,91150455;Berg River Dam
Western Cape;2018;2;1,160218;7,726544;15,01600198;Berg River Dam
Western Cape;2018;3;0,643628;7,726544;8,330089106;Berg River Dam
Western Cape;2018;4;0,67197;7,726544;8,696902522;Berg River Dam
Western Cape;2018;5;0,524538;7,726544;6,788779045;Berg River Dam
Western Cape;2018;6;0,684315;7,726544;8,856676413;Berg River Dam
Western Cape;2018;7;3,194919;7,726544;41,34991013;Berg River Dam
Western Cape;2018;8;6,551503;7,726544;84,79215287;Berg River Dam
Western Cape;2018;9;7,540669;7,726544;97,59433195;Berg River Dam
Western Cape;2018;10;7,741611;7,726544;100,1950031;Berg River Dam
Western Cape;2018;11;7,711838;7,726544;99,80966911;Berg River Dam
Western Cape;2018;12;7,306748;7,726544;94,5668335;Berg River Dam
Western Cape;2019;1;6,105;7,726544;79,01333378;Berg River Dam
Western Cape;2019;2;4,475746;7,726544;57,92688167;Berg River Dam
Western Cape;2019;3;3,270716;7,726544;42,33090499;Berg River Dam
Western Cape;2019;4;2,454162;7,726544;31,76273894;Berg River Dam
Western Cape;2019;5;1,409108;7,726544;18,23723517;Berg River Dam
Western Cape;2019;6;1,158936;7,726544;14,99940983;Berg River Dam
Western Cape;2019;7;1,70415;7,726544;22,05578587;Berg River Dam
Western Cape;2019;8;4,498596;7,726544;58,22261544;Berg River Dam
Western Cape;2019;9;6,024741;7,726544;77,97458993;Berg River Dam
Western Cape;2019;10;6,448929;7,726544;83,46459944;Berg River Dam
Western Cape;2019;11;6,84815;7,726544;88,63147612;Berg River Dam
Western Cape;2019;12;6,653701;7,726544;86,11483996;Berg River Dam
Western Cape;2020;1;5,194092;7,726544;67,2240008;Berg River Dam
Western Cape;2020;2;4,209227;7,726544;54,47748696;Berg River Dam
Western Cape;2020;3;3,136844;7,726544;40,59828042;Berg River Dam
Western Cape;2020;4;2,151637;7,726544;27,84734029;Berg River Dam
Western Cape;2020;5;1,586128;7,726544;20,52829829;Berg River Dam
Western Cape;2020;6;0,908502;7,726544;11,75819357;Berg River Dam
Western Cape;2020;7;1,631216;7,726544;21,11184509;Berg River Dam
Western Cape;2020;8;4,920451;7,726544;63,68243033;Berg River Dam
Western Cape;2020;9;7,321014;7,726544;94,75146974;Berg River Dam
Western Cape;2020;10;7,729482;7,726544;100,0380248;Berg River Dam
Western Cape;2020;11;7,736097;7,726544;100,1236387;Berg River Dam
Western Cape;2020;12;7,480277;7,726544;96,81271471;Berg River Dam
Western Cape;2021;1;6,656751;7,726544;86,15431427;Berg River Dam
Western Cape;2021;2;5,146149;7,726544;66,60350346;Berg River Dam
Western Cape;2021;3;3,510974;7,726544;45,44041942;Berg River Dam
Western Cape;2021;4;2,81359;7,726544;36,41459882;Berg River Dam
Western Cape;2021;5;2,298013;7,726544;29,74179659;Berg River Dam
Western Cape;2021;6;2,304835;7,726544;29,83008962;Berg River Dam
Western Cape;2021;7;3,069532;7,726544;39,72710179;Berg River Dam
Western Cape;2021;8;6,51765;7,726544;84,3540139;Berg River Dam
Western Cape;2021;9;7,173822;7,726544;92,84645244;Berg River Dam
Western Cape;2021;10;7,740141;7,726544;100,1759778;Berg River Dam
Western Cape;2021;11;7,713267;7,726544;99,82816379;Berg River Dam
Western Cape;2021;12;7,48184;7,726544;96,83294368;Berg River Dam
Western Cape;2017;1;79,46962;96,34536;82,48411755;De Bos Dam
Western Cape;2017;2;87,94168;96,34536;91,2775457;De Bos Dam
Western Cape;2017;3;79,98649;96,34536;83,02059383;De Bos Dam
Western Cape;2017;4;87,588992;96,34536;90,91147929;De Bos Dam
Western Cape;2017;5;97,758467;96,34536;101,46671;De Bos Dam
Western Cape;2017;6;97,773418;96,34536;101,4822281;De Bos Dam
Western Cape;2017;7;99,201085;96,34536;102,9640504;De Bos Dam
Western Cape;2017;8;96,953465;96,34536;100,6311721;De Bos Dam
Western Cape;2017;9;87,318371;96,34536;90,6305929;De Bos Dam
Western Cape;2017;10;70,017491;96,34536;72,67344374;De Bos Dam
Western Cape;2017;11;73,719314;96,34536;76,5156869;De Bos Dam
Western Cape;2017;12;74,587766;96,34536;77,41708163;De Bos Dam
Western Cape;2018;1;75,470055;96,34536;78,33283824;De Bos Dam
Western Cape;2018;2;67,007299;96,34536;69,54906702;De Bos Dam
Western Cape;2018;3;70,51436;96,34536;73,18916033;De Bos Dam
Western Cape;2018;4;93,813993;96,34536;97,37261141;De Bos Dam
Western Cape;2018;5;94,02732;96,34536;97,59403048;De Bos Dam
Western Cape;2018;6;100,04944;96,34536;103,8445858;De Bos Dam
Western Cape;2018;7;98,462905;96,34536;102,1978692;De Bos Dam
Western Cape;2018;8;95,881789;96,34536;99,5188445;De Bos Dam
Western Cape;2018;9;86,138534;96,34536;89,40600149;De Bos Dam
Western Cape;2018;10;70,710197;96,34536;73,39242596;De Bos Dam
Western Cape;2018;11;59,341621;96,34536;61,59260913;De Bos Dam
Western Cape;2018;12;51,014728;96,34536;52,94985456;De Bos Dam
Western Cape;2019;1;38,223003;96,34536;39,67290485;De Bos Dam
Western Cape;2019;2;65,369163;96,34536;67,8487921;De Bos Dam
Western Cape;2019;3;90,16838;96,34536;93,58871045;De Bos Dam
Western Cape;2019;4;83,83582;96,34536;87,01593932;De Bos Dam
Western Cape;2019;5;98,44788;96,34536;102,1822743;De Bos Dam
Western Cape;2019;6;96,968331;96,34536;100,646602;De Bos Dam
Western Cape;2019;7;97,982904;96,34536;101,6996605;De Bos Dam
Western Cape;2019;8;93,39367;96,34536;96,93634442;De Bos Dam
Western Cape;2019;9;81,191287;96,34536;84,27109204;De Bos Dam
Western Cape;2019;10;60,869574;96,34536;63,17852152;De Bos Dam
Western Cape;2019;11;45,214586;96,34536;46,9296975;De Bos Dam
Western Cape;2019;12;63,128317;96,34536;65,52294475;De Bos Dam
Western Cape;2020;1;81,33606;96,34536;84,42135667;De Bos Dam
Western Cape;2020;2;76,713973;96,34536;79,62394141;De Bos Dam
Western Cape;2020;3;82,307877;96,34536;85,43003732;De Bos Dam
Western Cape;2020;4;97,08731;96,34536;100,7700942;De Bos Dam
Western Cape;2020;5;92,227059;96,34536;95,72548071;De Bos Dam
Western Cape;2020;6;100,368874;96,34536;104,1761368;De Bos Dam
Western Cape;2020;7;99,975935;96,34536;103,7682925;De Bos Dam
Western Cape;2020;8;99,897578;96,34536;103,6869632;De Bos Dam
Western Cape;2020;9;87,842308;96,34536;91,17440425;De Bos Dam
Western Cape;2020;10;78,390556;96,34536;81,36412174;De Bos Dam
Western Cape;2020;11;70,744167;96,34536;73,42768453;De Bos Dam
Western Cape;2020;12;80,917091;96,34536;83,98649504;De Bos Dam
Western Cape;2021;1;80,72134;96,34536;83,78331868;De Bos Dam
Western Cape;2021;2;75,904436;96,34536;78,78369649;De Bos Dam
Western Cape;2021;3;84,648706;96,34536;87,85966029;De Bos Dam
Western Cape;2021;4;87,163032;96,34536;90,46936147;De Bos Dam
Western Cape;2021;5;99,01886;96,34536;102,7749131;De Bos Dam
Western Cape;2021;6;99,549621;96,34536;103,3258073;De Bos Dam
Western Cape;2021;7;97,042681;96,34536;100,7237723;De Bos Dam
Western Cape;2021;8;99,897198;96,34536;103,6865688;De Bos Dam
Western Cape;2021;9;93,763628;96,34536;97,32033592;De Bos Dam
Western Cape;2021;10;78,390556;96,34536;81,36412174;De Bos Dam
Western Cape;2021;11;75,661477;96,34536;78,53152139;De Bos Dam
Western Cape;2021;12;86,778311;96,34536;90,07004696;De Bos Dam
Western Cape;2017;1;41,18138;41,157642;100,0576758;De Bos Dam
Western Cape;2017;2;41,3756;41,157642;100,5295687;De Bos Dam
Western Cape;2017;3;41,36766;41,157642;100,510277;De Bos Dam
Western Cape;2017;4;40,66552;41,157642;98,80429982;De Bos Dam
Western Cape;2017;5;41,137882;41,157642;99,95198948;De Bos Dam
Western Cape;2017;6;40,98824;41,157642;99,58840694;De Bos Dam
Western Cape;2017;7;40,620247;41,157642;98,69430081;De Bos Dam
Western Cape;2017;8;40,526671;41,157642;98,46694084;De Bos Dam
Western Cape;2017;9;40,289525;41,157642;97,89075137;De Bos Dam
Western Cape;2017;10;39,68016;41,157642;96,41018793;De Bos Dam
Western Cape;2017;11;41,009425;41,157642;99,63987976;De Bos Dam
Western Cape;2017;12;41,2685;41,157642;100,2693497;De Bos Dam
Western Cape;2018;1;40,894059;41,157642;99,35957701;De Bos Dam
Western Cape;2018;2;41,305511;41,157642;100,3592747;De Bos Dam
Western Cape;2018;3;41,161598;41,157642;100,0096118;De Bos Dam
Western Cape;2018;4;41,395455;41,157642;100,5778101;De Bos Dam
Western Cape;2018;5;41,300213;41,157642;100,3464023;De Bos Dam
Western Cape;2018;6;41,355868;41,157642;100,4816262;De Bos Dam
Western Cape;2018;7;41,383426;41,157642;100,5485834;De Bos Dam
Western Cape;2018;8;41,427238;41,157642;100,6550327;De Bos Dam
Western Cape;2018;9;41,344078;41,157642;100,4529803;De Bos Dam
Western Cape;2018;10;41,213044;41,157642;100,1346093;De Bos Dam
Western Cape;2018;11;41,09037;41,157642;99,8365504;De Bos Dam
Western Cape;2018;12;40,8627;41,157642;99,2833846;De Bos Dam
Western Cape;2019;1;40,432795;41,157642;98,23885197;De Bos Dam
Western Cape;2019;2;41,232728;41,157642;100,1824351;De Bos Dam
Western Cape;2019;3;41,276542;41,157642;100,2888892;De Bos Dam
Western Cape;2019;4;40,90986;41,157642;99,39796843;De Bos Dam
Western Cape;2019;5;41,232844;41,157642;100,182717;De Bos Dam
Western Cape;2019;6;40,823639;41,157642;99,18847878;De Bos Dam
Western Cape;2019;7;40,866619;41,157642;99,29290653;De Bos Dam
Western Cape;2019;8;40,297284;41,157642;97,90960328;De Bos Dam
Western Cape;2019;9;39,701953;41,157642;96,463138;De Bos Dam
Western Cape;2019;10;38,510421;41,157642;93,56809362;De Bos Dam
Western Cape;2019;11;36,616241;41,157642;88,96583774;De Bos Dam
Western Cape;2019;12;41,091802;41,157642;99,84002971;De Bos Dam
Western Cape;2020;1;41,330753;41,157642;100,4206048;De Bos Dam
Western Cape;2020;2;41,302856;41,157642;100,3528239;De Bos Dam
Western Cape;2020;3;41,230066;41,157642;100,1759673;De Bos Dam
Western Cape;2020;4;41,338693;41,157642;100,4398964;De Bos Dam
Western Cape;2020;5;41,432399;41,157642;100,6675723;De Bos Dam
Western Cape;2020;6;41,347814;41,157642;100,4620576;De Bos Dam
Western Cape;2020;7;41,474945;41,157642;100,7709455;De Bos Dam
Western Cape;2020;8;41,355752;41,157642;100,4813444;De Bos Dam
Western Cape;2020;9;41,264537;41,157642;100,2597209;De Bos Dam
Western Cape;2020;10;41,102271;41,157642;99,86546605;De Bos Dam
Western Cape;2020;11;41,316075;41,157642;100,3849419;De Bos Dam
Western Cape;2020;12;41,541269;41,157642;100,9320918;De Bos Dam
Western Cape;2021;1;41,260815;41,157642;100,2506776;De Bos Dam
Western Cape;2021;2;41,807326;41,157642;101,5785258;De Bos Dam
Western Cape;2021;3;41,368983;41,157642;100,5134915;De Bos Dam
Western Cape;2021;4;41,349137;41,157642;100,465272;De Bos Dam
Western Cape;2021;5;41,461689;41,157642;100,7387377;De Bos Dam
Western Cape;2021;6;41,263216;41,157642;100,2565113;De Bos Dam
Western Cape;2021;7;41,316075;41,157642;100,3849419;De Bos Dam
Western Cape;2021;8;41,37163;41,157642;100,5199229;De Bos Dam
Western Cape;2021;9;41,300213;41,157642;100,3464023;De Bos Dam
Western Cape;2021;10;41,427238;41,157642;100,6550327;De Bos Dam
Western Cape;2021;11;41,339878;41,157642;100,4427756;De Bos Dam
Western Cape;2021;12;41,443136;41,157642;100,6936598;De Bos Dam
Western Cape;2017;1;11,770815;28,185722;41,76162314;De Bos Dam
Western Cape;2017;2;18,752427;28,185722;66,53165386;De Bos Dam
Western Cape;2017;3;21,132148;28,185722;74,97465561;De Bos Dam
Western Cape;2017;4;21,467378;28,185722;76,16401666;De Bos Dam
Western Cape;2017;5;24,000491;28,185722;85,15123721;De Bos Dam
Western Cape;2017;6;25,029499;28,185722;88,8020502;De Bos Dam
Western Cape;2017;7;25,414509;28,185722;90,1680255;De Bos Dam
Western Cape;2017;8;25,638428;28,185722;90,96246674;De Bos Dam
Western Cape;2017;9;25,318986;28,185722;89,82911986;De Bos Dam
Western Cape;2017;10;24,404745;28,185722;86,58548821;De Bos Dam
Western Cape;2017;11;24,854291;28,185722;88,1804305;De Bos Dam
Western Cape;2017;12;23,472038;28,185722;83,27634112;De Bos Dam
Western Cape;2018;1;23,024413;28,185722;81,68821434;De Bos Dam
Western Cape;2018;2;21,769972;28,185722;77,23758859;De Bos Dam
Western Cape;2018;3;21,859324;28,185722;77,55460016;De Bos Dam
Western Cape;2018;4;28,152836;28,185722;99,8833239;De Bos Dam
Western Cape;2018;5;28,185722;28,185722;100;De Bos Dam
Western Cape;2018;6;28,195588;28,185722;100,0350035;De Bos Dam
Western Cape;2018;7;28,220262;28,185722;100,1225443;De Bos Dam
Western Cape;2018;8;28,195588;28,185722;100,0350035;De Bos Dam
Western Cape;2018;9;27,949573;28,185722;99,16216799;De Bos Dam
Western Cape;2018;10;27,05073;28,185722;95,97316684;De Bos Dam
Western Cape;2018;11;26,211569;28,185722;92,99591119;De Bos Dam
Western Cape;2018;12;25,065551;28,185722;88,92995893;De Bos Dam
Western Cape;2019;1;24,188818;28,185722;85,81940175;De Bos Dam
Western Cape;2019;2;24,653252;28,185722;87,46716511;De Bos Dam
Western Cape;2019;3;24,827417;28,185722;88,08508436;De Bos Dam
Western Cape;2019;4;23,77419;28,185722;84,34834488;De Bos Dam
Western Cape;2019;5;23,100566;28,185722;81,95839723;De Bos Dam
Western Cape;2019;6;20,597555;28,185722;73,07797544;De Bos Dam
Western Cape;2019;7;17,481257;28,185722;62,02167537;De Bos Dam
Western Cape;2019;8;14,316933;28,185722;50,79498407;De Bos Dam
Western Cape;2019;9;13,446463;28,185722;47,70664736;De Bos Dam
Western Cape;2019;10;12,786041;28,185722;45,36353903;De Bos Dam
Western Cape;2019;11;12,011356;28,185722;42,6150375;De Bos Dam
Western Cape;2019;12;11,539185;28,185722;40,93982407;De Bos Dam
Western Cape;2020;1;27,405356;28,185722;97,23134288;De Bos Dam
Western Cape;2020;2;28,294379;28,185722;100,3855037;De Bos Dam
Western Cape;2020;3;28,073233;28,185722;99,60090077;De Bos Dam
Western Cape;2020;4;28,17092;28,185722;99,94748405;De Bos Dam
Western Cape;2020;5;28,547454;28,185722;101,2833874;De Bos Dam
Western Cape;2020;6;28,284488;28,185722;100,3504115;De Bos Dam
Western Cape;2020;7;28,378552;28,185722;100,6841407;De Bos Dam
Western Cape;2020;8;28,366988;28,185722;100,6431128;De Bos Dam
Western Cape;2020;9;28,215325;28,185722;100,1050284;De Bos Dam
Western Cape;2020;10;27,622675;28,185722;98,00236801;De Bos Dam
Western Cape;2020;11;27,714888;28,185722;98,32953011;De Bos Dam
Western Cape;2020;12;28,477816;28,185722;101,036319;De Bos Dam
Western Cape;2021;1;28,17092;28,185722;99,94748405;De Bos Dam
Western Cape;2021;2;28,752115;28,185722;102,0095033;De Bos Dam
Western Cape;2021;3;28,522569;28,185722;101,195098;De Bos Dam
Western Cape;2021;4;28,279544;28,185722;100,3328707;De Bos Dam
Western Cape;2021;5;28,249891;28,185722;100,2276649;De Bos Dam
Western Cape;2021;6;28,200521;28,185722;100,0525053;De Bos Dam
Western Cape;2021;7;28,254832;28,185722;100,2451951;De Bos Dam
Western Cape;2021;8;28,284488;28,185722;100,3504115;De Bos Dam
Western Cape;2021;9;28,087149;28,185722;99,65027328;De Bos Dam
Western Cape;2021;10;27,352426;28,185722;97,04355276;De Bos Dam
Western Cape;2021;11;27,333197;28,185722;96,97533028;De Bos Dam
Western Cape;2021;12;27,098454;28,185722;96,14248661;De Bos Dam
Western Cape;2017;1;12,450775;33,879748;36,7499044;Steenbras Upper Dam
Western Cape;2017;2;14,718027;33,879748;43,44196126;Steenbras Upper Dam
Western Cape;2017;3;12,159187;33,879748;35,88924864;Steenbras Upper Dam
Western Cape;2017;4;10,03068;33,879748;29,60671372;Steenbras Upper Dam
Western Cape;2017;5;9,619089;33,879748;28,39185522;Steenbras Upper Dam
Western Cape;2017;6;7,633021;33,879748;22,5297455;Steenbras Upper Dam
Western Cape;2017;7;9,531585;33,879748;28,13357703;Steenbras Upper Dam
Western Cape;2017;8;9,477161;33,879748;27,97293829;Steenbras Upper Dam
Western Cape;2017;9;12,041227;33,879748;35,54107604;Steenbras Upper Dam
Western Cape;2017;10;14,926434;33,879748;44,05709865;Steenbras Upper Dam
Western Cape;2017;11;17,669897;33,879748;52,15474743;Steenbras Upper Dam
Western Cape;2017;12;18,016867;33,879748;53,17886957;Steenbras Upper Dam
Western Cape;2018;1;16,610409;33,879748;49,0275459;Steenbras Upper Dam
Western Cape;2018;2;14,037556;33,879748;41,43347229;Steenbras Upper Dam
Western Cape;2018;3;11,730404;33,879748;34,62364596;Steenbras Upper Dam
Western Cape;2018;4;11,917544;33,879748;35,17601134;Steenbras Upper Dam
Western Cape;2018;5;12,437421;33,879748;36,71048852;Steenbras Upper Dam
Western Cape;2018;6;11,218107;33,879748;33,11154203;Steenbras Upper Dam
Western Cape;2018;7;15,898425;33,879748;46,92604266;Steenbras Upper Dam
Western Cape;2018;8;19,290257;33,879748;56,93742763;Steenbras Upper Dam
Western Cape;2018;9;29,107644;33,879748;85,91458236;Steenbras Upper Dam
Western Cape;2018;10;31,628324;33,879748;93,35466132;Steenbras Upper Dam
Western Cape;2018;11;29,153635;33,879748;86,05033013;Steenbras Upper Dam
Western Cape;2018;12;26,168949;33,879748;77,24068373;Steenbras Upper Dam
Western Cape;2019;1;22,750067;33,879748;67,14945755;Steenbras Upper Dam
Western Cape;2019;2;19,24342;33,879748;56,7991828;Steenbras Upper Dam
Western Cape;2019;3;17,265163;33,879748;50,96012816;Steenbras Upper Dam
Western Cape;2019;4;15,191699;33,879748;44,84005902;Steenbras Upper Dam
Western Cape;2019;5;13,08559;33,879748;38,62363439;Steenbras Upper Dam
Western Cape;2019;6;12,713096;33,879748;37,52417521;Steenbras Upper Dam
Western Cape;2019;7;13,904065;33,879748;41,03945814;Steenbras Upper Dam
Western Cape;2019;8;25,468198;33,879748;75,17233599;Steenbras Upper Dam
Western Cape;2019;9;34,553982;33,879748;101,9900797;Steenbras Upper Dam
Western Cape;2019;10;33,087096;33,879748;97,66039582;Steenbras Upper Dam
Western Cape;2019;11;34,251939;33,879748;101,0985648;Steenbras Upper Dam
Western Cape;2019;12;31,159274;33,879748;91,97020592;Steenbras Upper Dam
Western Cape;2020;1;28,559474;33,879748;84,29659512;Steenbras Upper Dam
Western Cape;2020;2;25,981572;33,879748;76,68761881;Steenbras Upper Dam
Western Cape;2020;3;23,113352;33,879748;68,2217353;Steenbras Upper Dam
Western Cape;2020;4;19,896636;33,879748;58,72722548;Steenbras Upper Dam
Western Cape;2020;5;17,230271;33,879748;50,85714038;Steenbras Upper Dam
Western Cape;2020;6;15,586975;33,879748;46,00676192;Steenbras Upper Dam
Western Cape;2020;7;18,250564;33,879748;53,86865333;Steenbras Upper Dam
Western Cape;2020;8;26,512956;33,879748;78,25606023;Steenbras Upper Dam
Western Cape;2020;9;33,56244;33,879748;99,06342869;Steenbras Upper Dam
Western Cape;2020;10;34,372554;33,879748;101,454574;Steenbras Upper Dam
Western Cape;2020;11;31,994965;33,879748;94,43684469;Steenbras Upper Dam
Western Cape;2020;12;32,304582;33,879748;95,35071512;Steenbras Upper Dam
Western Cape;2021;1;29,849235;33,879748;88,10347409;Steenbras Upper Dam
Western Cape;2021;2;26,658111;33,879748;78,68450202;Steenbras Upper Dam
Western Cape;2021;3;23,448914;33,879748;69,2121854;Steenbras Upper Dam
Western Cape;2021;4;20,777065;33,879748;61,32591364;Steenbras Upper Dam
Western Cape;2021;5;18,395398;33,879748;54,29614766;Steenbras Upper Dam
Western Cape;2021;6;20,728555;33,879748;61,18273076;Steenbras Upper Dam
Western Cape;2021;7;23,719612;33,879748;70,0111819;Steenbras Upper Dam
Western Cape;2021;8;29,931092;33,879748;88,3450845;Steenbras Upper Dam
Western Cape;2021;9;34,1797;33,879748;100,8853431;Steenbras Upper Dam
Western Cape;2021;10;33,142587;33,879748;97,82418393;Steenbras Upper Dam
Western Cape;2021;11;32,030591;33,879748;94,54199895;Steenbras Upper Dam
Western Cape;2021;12;30,590855;33,879748;90,29245141;Steenbras Upper Dam
Western Cape;2017;1;24,364759;31,8106;76,59320792;Steenbras Upper Dam
Western Cape;2017;2;18,365727;31,8106;57,73461362;Steenbras Upper Dam
Western Cape;2017;3;17,96322;31,8106;56,46929011;Steenbras Upper Dam
Western Cape;2017;4;17,19071;31,8106;54,04082287;Steenbras Upper Dam
Western Cape;2017;5;17,37713;31,8106;54,62685394;Steenbras Upper Dam
Western Cape;2017;6;17,427059;31,8106;54,78381106;Steenbras Upper Dam
Western Cape;2017;7;19,619197;31,8106;61,67502971;Steenbras Upper Dam
Western Cape;2017;8;26,105718;31,8106;82,06609746;Steenbras Upper Dam
Western Cape;2017;9;32,260374;31,8106;101,4139123;Steenbras Upper Dam
Western Cape;2017;10;31,865455;31,8106;100,1724425;Steenbras Upper Dam
Western Cape;2017;11;31,828878;31,8106;100,0574588;Steenbras Upper Dam
Western Cape;2017;12;31,856308;31,8106;100,143688;Steenbras Upper Dam
Western Cape;2018;1;30,190951;31,8106;94,90846133;Steenbras Upper Dam
Western Cape;2018;2;26,937485;31,8106;84,68084538;Steenbras Upper Dam
Western Cape;2018;3;29,492417;31,8106;92,7125455;Steenbras Upper Dam
Western Cape;2018;4;26,074095;31,8106;81,9666872;Steenbras Upper Dam
Western Cape;2018;5;19,372243;31,8106;60,89870358;Steenbras Upper Dam
Western Cape;2018;6;18,805937;31,8106;59,11846051;Steenbras Upper Dam
Western Cape;2018;7;30,23496;31,8106;95,0468083;Steenbras Upper Dam
Western Cape;2018;8;30,55305;31,8106;96,046758;Steenbras Upper Dam
Western Cape;2018;9;32,113059;31,8106;100,950812;Steenbras Upper Dam
Western Cape;2018;10;28,892361;31,8106;90,82620573;Steenbras Upper Dam
Western Cape;2018;11;22,885551;31,8106;71,94316046;Steenbras Upper Dam
Western Cape;2018;12;19,259447;31,8106;60,54411737;Steenbras Upper Dam
Western Cape;2019;1;22,257295;31,8106;69,96817099;Steenbras Upper Dam
Western Cape;2019;2;22,300266;31,8106;70,10325489;Steenbras Upper Dam
Western Cape;2019;3;22,221527;31,8106;69,85573048;Steenbras Upper Dam
Western Cape;2019;4;22,092878;31,8106;69,45130868;Steenbras Upper Dam
Western Cape;2019;5;21,616424;31,8106;67,95352493;Steenbras Upper Dam
Western Cape;2019;6;21,118736;31,8106;66,38898983;Steenbras Upper Dam
Western Cape;2019;7;20,827801;31,8106;65,47440476;Steenbras Upper Dam
Western Cape;2019;8;32,371147;31,8106;101,762139;Steenbras Upper Dam
Western Cape;2019;9;29,457767;31,8106;92,60361955;Steenbras Upper Dam
Western Cape;2019;10;27,377054;31,8106;86,06267722;Steenbras Upper Dam
Western Cape;2019;11;27,582104;31,8106;86,70727368;Steenbras Upper Dam
Western Cape;2019;12;29,553118;31,8106;92,90336554;Steenbras Upper Dam
Western Cape;2020;1;31,8106;31,8106;100;Steenbras Upper Dam
Western Cape;2020;2;31,647076;31,8106;99,48594494;Steenbras Upper Dam
Western Cape;2020;3;31,249641;31,8106;98,2365658;Steenbras Upper Dam
Western Cape;2020;4;30,846524;31,8106;96,96932469;Steenbras Upper Dam
Western Cape;2020;5;30,686223;31,8106;96,46540147;Steenbras Upper Dam
Western Cape;2020;6;30,864368;31,8106;97,0254192;Steenbras Upper Dam
Western Cape;2020;7;31,8106;31,8106;100;Steenbras Upper Dam
Western Cape;2020;8;31,746943;31,8106;99,79988746;Steenbras Upper Dam
Western Cape;2020;9;31,411836;31,8106;98,74644301;Steenbras Upper Dam
Western Cape;2020;10;31,493137;31,8106;99,00202134;Steenbras Upper Dam
Western Cape;2020;11;28,521217;31,8106;89,65947514;Steenbras Upper Dam
Western Cape;2020;12;27,140422;31,8106;85,31879939;Steenbras Upper Dam
Western Cape;2021;1;23,867649;31,8106;75,03048984;Steenbras Upper Dam
Western Cape;2021;2;19,173475;31,8106;60,27385526;Steenbras Upper Dam
Western Cape;2021;3;16,415671;31,8106;51,60440545;Steenbras Upper Dam
Western Cape;2021;4;16,331624;31,8106;51,34019478;Steenbras Upper Dam
Western Cape;2021;5;16,913481;31,8106;53,16932406;Steenbras Upper Dam
Western Cape;2021;6;18,391438;31,8106;57,81543888;Steenbras Upper Dam
Western Cape;2021;7;20,903749;31,8106;65,71315536;Steenbras Upper Dam
Western Cape;2021;8;26,623021;31,8106;83,69229439;Steenbras Upper Dam
Western Cape;2021;9;29,579157;31,8106;92,98522191;Steenbras Upper Dam
Western Cape;2021;10;30,93326;31,8106;97,24198852;Steenbras Upper Dam
Western Cape;2021;11;31,456986;31,8106;98,88837683;Steenbras Upper Dam
Western Cape;2021;12;31,775513;31,8106;99,88970029;Steenbras Upper Dam
Western Cape;2017;1;3,984515;46,26702;8,611998352;Stompdrift Dam
Western Cape;2017;2;3,336655;46,26702;7,211735271;Stompdrift Dam
Western Cape;2017;3;3,367;46,26702;7,277321946;Stompdrift Dam
Western Cape;2017;4;2,66155;46,26702;5,752585751;Stompdrift Dam
Western Cape;2017;5;3,010449;46,26702;6,506684459;Stompdrift Dam
Western Cape;2017;6;2,881273;46,26702;6,227487744;Stompdrift Dam
Western Cape;2017;7;2,225957;46,26702;4,811109512;Stompdrift Dam
Western Cape;2017;8;2,130871;46,26702;4,60559379;Stompdrift Dam
Western Cape;2017;9;2,088469;46,26702;4,513947516;Stompdrift Dam
Western Cape;2017;10;1,992098;46,26702;4,305654438;Stompdrift Dam
Western Cape;2017;11;1,823772;46,26702;3,941840214;Stompdrift Dam
Western Cape;2017;12;1,624114;46,26702;3,510306045;Stompdrift Dam
Western Cape;2018;1;1,373492;46,26702;2,96861998;Stompdrift Dam
Western Cape;2018;2;1,174617;46,26702;2,538778162;Stompdrift Dam
Western Cape;2018;3;3,882861;46,26702;8,392286774;Stompdrift Dam
Western Cape;2018;4;3,700792;46,26702;7,998768885;Stompdrift Dam
Western Cape;2018;5;3,130311;46,26702;6,765750204;Stompdrift Dam
Western Cape;2018;6;2,748925;46,26702;5,941435173;Stompdrift Dam
Western Cape;2018;7;2,703952;46,26702;5,844232025;Stompdrift Dam
Western Cape;2018;8;2,640991;46,26702;5,708150212;Stompdrift Dam
Western Cape;2018;9;2,56261;46,26702;5,538740122;Stompdrift Dam
Western Cape;2018;10;2,809317;46,26702;6,071964436;Stompdrift Dam
Western Cape;2018;11;2,607582;46,26702;5,635941109;Stompdrift Dam
Western Cape;2018;12;2,408417;46,26702;5,205472494;Stompdrift Dam
Western Cape;2019;1;2,254225;46,26702;4,872207028;Stompdrift Dam
Western Cape;2019;2;1,974109;46,26702;4,266773611;Stompdrift Dam
Western Cape;2019;3;4,581386;46,26702;9,902055503;Stompdrift Dam
Western Cape;2019;4;4,33348;46,26702;9,36623971;Stompdrift Dam
Western Cape;2019;5;4,196929;46,26702;9,071102915;Stompdrift Dam
Western Cape;2019;6;3,858585;46,26702;8,339817434;Stompdrift Dam
Western Cape;2019;7;3,78424;46,26702;8,17913062;Stompdrift Dam
Western Cape;2019;8;3,732654;46,26702;8,067634354;Stompdrift Dam
Western Cape;2019;9;3,514172;46,26702;7,595414617;Stompdrift Dam
Western Cape;2019;10;3,380655;46,26702;7,306835409;Stompdrift Dam
Western Cape;2019;11;3,162173;46,26702;6,834615672;Stompdrift Dam
Western Cape;2019;12;2,986638;46,26702;6,455220155;Stompdrift Dam
Western Cape;2020;1;2,676969;46,26702;5,785911866;Stompdrift Dam
Western Cape;2020;2;2,45339;46,26702;5,302675642;Stompdrift Dam
Western Cape;2020;3;2,428976;46,26702;5,249908034;Stompdrift Dam
Western Cape;2020;4;9,844818;46,26702;21,27826257;Stompdrift Dam
Western Cape;2020;5;9,56552;46,26702;20,67459715;Stompdrift Dam
Western Cape;2020;6;3,967826;46,26702;8,575927302;Stompdrift Dam
Western Cape;2020;7;3,929895;46,26702;8,493944499;Stompdrift Dam
Western Cape;2020;8;3,227414;46,26702;6,975625402;Stompdrift Dam
Western Cape;2020;9;3,39431;46,26702;7,336348872;Stompdrift Dam
Western Cape;2020;10;3,379138;46,26702;7,303556615;Stompdrift Dam
Western Cape;2020;11;3,263828;46,26702;7,054329412;Stompdrift Dam
Western Cape;2020;12;2,982783;46,26702;6,446888086;Stompdrift Dam
Western Cape;2021;1;3,671965;46,26702;7,936463165;Stompdrift Dam
Western Cape;2021;2;8,169606;46,26702;17,65751501;Stompdrift Dam
Western Cape;2021;3;8,105527;46,26702;17,51901679;Stompdrift Dam
Western Cape;2021;4;9,775552;46,26702;21,12855334;Stompdrift Dam
Western Cape;2021;5;7,326574;46,26702;15,83541365;Stompdrift Dam
Western Cape;2021;6;3,602172;46,26702;7,785614894;Stompdrift Dam
Western Cape;2021;7;3,192518;46,26702;6,900202347;Stompdrift Dam
Western Cape;2021;8;3,002863;46,26702;6,490288331;Stompdrift Dam
Western Cape;2021;9;3,033208;46,26702;6,555875006;Stompdrift Dam
Western Cape;2021;10;2,628141;46,26702;5,680376648;Stompdrift Dam
Western Cape;2021;11;2,761775;46,26702;5,969208737;Stompdrift Dam
Western Cape;2021;12;2,778479;46,26702;6,005312207;Stompdrift Dam
Western Cape;2017;1;1652,644993;3092,364244;53,4427662;De Bos Dam
Western Cape;2017;2;1590,478838;3092,364244;51,43245467;De Bos Dam
Western Cape;2017;3;1617,002021;3092,364244;52,29015386;De Bos Dam
Western Cape;2017;4;1855,788383;3092,364244;60,01195967;De Bos Dam
Western Cape;2017;5;1975,134915;3092,364244;63,87135406;De Bos Dam
Western Cape;2017;6;2143,74876;3092,364244;69,32394087;De Bos Dam
Western Cape;2017;7;2297,028084;3092,364244;74,28064428;De Bos Dam
Western Cape;2017;8;2420,307434;3092,364244;78,26721702;De Bos Dam
Western Cape;2017;9;2499,895206;3092,364244;80,84090388;De Bos Dam
Western Cape;2017;10;2420,98194;3092,364244;78,28902901;De Bos Dam
Western Cape;2017;11;2340,107897;3092,364244;75,67374709;De Bos Dam
Western Cape;2017;12;2137,230195;3092,364244;69,11314536;De Bos Dam
Western Cape;2018;1;1881,772453;3092,364244;60,85222518;De Bos Dam
Western Cape;2018;2;1745,459997;3092,364244;56,44419154;De Bos Dam
Western Cape;2018;3;1604,60313;3092,364244;51,88920203;De Bos Dam
Western Cape;2018;4;1897,21626;3092,364244;61,35164264;De Bos Dam
Western Cape;2018;5;3204,481166;3092,364244;103,6256053;De Bos Dam
Western Cape;2018;6;3080,862575;3092,364244;99,62806228;De Bos Dam
Western Cape;2018;7;3043,756563;3092,364244;98,42813856;De Bos Dam
Western Cape;2018;8;3036,875737;3092,364244;98,20562836;De Bos Dam
Western Cape;2018;9;2992,891031;3092,364244;96,78326338;De Bos Dam
Western Cape;2018;10;2920,69526;3092,364244;94,44861697;De Bos Dam
Western Cape;2018;11;2817,270917;3092,364244;91,10410982;De Bos Dam
Western Cape;2018;12;2600,099408;3092,364244;84,08127901;De Bos Dam
Western Cape;2019;1;2366,335095;3092,364244;76,5218748;De Bos Dam
Western Cape;2019;2;2132,273038;3092,364244;68,95284222;De Bos Dam
Western Cape;2019;3;1995,108516;3092,364244;64,51725471;De Bos Dam
Western Cape;2019;4;2049,576845;3092,364244;66,27863613;De Bos Dam
Western Cape;2019;5;2222,781311;3092,364244;71,87967314;De Bos Dam
Western Cape;2019;6;2537,11107;3092,364244;82,04437996;De Bos Dam
Western Cape;2019;7;2616,668922;3092,364244;84,61709927;De Bos Dam
Western Cape;2019;8;2691,874387;3092,364244;87,04907231;De Bos Dam
Western Cape;2019;9;2682,937958;3092,364244;86,7600886;De Bos Dam
Western Cape;2019;10;2583,133574;3092,364244;83,53264267;De Bos Dam
Western Cape;2019;11;2411,775616;3092,364244;77,99131751;De Bos Dam
Western Cape;2019;12;2168,396283;3092,364244;70,1209855;De Bos Dam
Western Cape;2020;1;1963,042095;3092,364244;63,48029986;De Bos Dam
Western Cape;2020;2;1867,463911;3092,364244;60,38951959;De Bos Dam
Western Cape;2020;3;1866,227467;3092,364244;60,34953582;De Bos Dam
Western Cape;2020;4;1871,367254;3092,364244;60,51574479;De Bos Dam
Western Cape;2020;5;2228,6114;3092,364244;72,06820491;De Bos Dam
Western Cape;2020;6;2644,29019;3092,364244;85,51030802;De Bos Dam
Western Cape;2020;7;2749,244631;3092,364244;88,90429503;De Bos Dam
Western Cape;2020;8;2846,935104;3092,364244;92,06338191;De Bos Dam
Western Cape;2020;9;2869,611028;3092,364244;92,79666952;De Bos Dam
Western Cape;2020;10;2811,165027;3092,364244;90,90665928;De Bos Dam
Western Cape;2020;11;2707,138577;3092,364244;87,54268137;De Bos Dam
Western Cape;2020;12;2537,227143;3092,364244;82,04813349;De Bos Dam
Western Cape;2021;1;2356,613701;3092,364244;76,20750711;De Bos Dam
Western Cape;2021;2;3409,233135;3092,364244;110,2468165;De Bos Dam
Western Cape;2021;3;3102,686916;3092,364244;100,3338116;De Bos Dam
Western Cape;2021;4;3057,684015;3092,364244;98,87852057;De Bos Dam
Western Cape;2021;5;3080,595454;3092,364244;99,6194242;De Bos Dam
Western Cape;2021;6;3073,789372;3092,364244;99,39933104;De Bos Dam
Western Cape;2021;7;3068,458689;3092,364244;99,22694893;De Bos Dam
Western Cape;2021;8;3053,70017;3092,364244;98,74969211;De Bos Dam
Western Cape;2021;9;3036,875737;3092,364244;98,20562836;De Bos Dam
Western Cape;2021;10;2977,575236;3092,364244;96,28798554;De Bos Dam
Western Cape;2021;11;2855,738497;3092,364244;92,34806354;De Bos Dam
Western Cape;2021;12;2659,609037;3092,364244;86,00568456;De Bos Dam
Western Cape;2017;1;25,075;58,709857;42,71003419;Wemmershoek Dam
Western Cape;2017;2;21,055113;58,709857;35,86299486;Wemmershoek Dam
Western Cape;2017;3;21,412577;58,709857;36,47186025;Wemmershoek Dam
Western Cape;2017;4;17,886557;58,709857;30,46602038;Wemmershoek Dam
Western Cape;2017;5;21,331167;58,709857;36,33319529;Wemmershoek Dam
Western Cape;2017;6;21,073965;58,709857;35,89510531;Wemmershoek Dam
Western Cape;2017;7;21,832002;58,709857;37,18626329;Wemmershoek Dam
Western Cape;2017;8;21,545579;58,709857;36,69840143;Wemmershoek Dam
Western Cape;2017;9;24,499853;58,709857;41,7303912;Wemmershoek Dam
Western Cape;2017;10;26,432668;58,709857;45,02253855;Wemmershoek Dam
Western Cape;2017;11;28,628238;58,709857;48,76223425;Wemmershoek Dam
Western Cape;2017;12;30,207468;58,709857;51,45212328;Wemmershoek Dam
Western Cape;2018;1;30,758929;58,709857;52,39142211;Wemmershoek Dam
Western Cape;2018;2;30,533233;58,709857;52,00699603;Wemmershoek Dam
Western Cape;2018;3;26,824033;58,709857;45,68914722;Wemmershoek Dam
Western Cape;2018;4;26,028404;58,709857;44,33395912;Wemmershoek Dam
Western Cape;2018;5;28,105579;58,709857;47,87199362;Wemmershoek Dam
Western Cape;2018;6;31,96081;58,709857;54,43857579;Wemmershoek Dam
Western Cape;2018;7;45,893834;58,709857;78,17057705;Wemmershoek Dam
Western Cape;2018;8;49,333734;58,709857;84,02972945;Wemmershoek Dam
Western Cape;2018;9;50,767524;58,709857;86,47189176;Wemmershoek Dam
Western Cape;2018;10;56,260311;58,709857;95,82770914;Wemmershoek Dam
Western Cape;2018;11;53,917065;58,709857;91,83647816;Wemmershoek Dam
Western Cape;2018;12;50,260145;58,709857;85,60767743;Wemmershoek Dam
Western Cape;2019;1;45,603133;58,709857;77,67542851;Wemmershoek Dam
Western Cape;2019;2;41,234426;58,709857;70,23424704;Wemmershoek Dam
Western Cape;2019;3;36,694055;58,709857;62,50067174;Wemmershoek Dam
Western Cape;2019;4;32,184262;58,709857;54,81917968;Wemmershoek Dam
Western Cape;2019;5;27,807142;58,709857;47,36366842;Wemmershoek Dam
Western Cape;2019;6;24,259292;58,709857;41,3206457;Wemmershoek Dam
Western Cape;2019;7;25,538729;58,709857;43,49989985;Wemmershoek Dam
Western Cape;2019;8;43,823331;58,709857;74,6439069;Wemmershoek Dam
Western Cape;2019;9;52,381837;58,709857;89,22153736;Wemmershoek Dam
Western Cape;2019;10;54,112978;58,709857;92,1701751;Wemmershoek Dam
Western Cape;2019;11;55,855263;58,709857;95,13779432;Wemmershoek Dam
Western Cape;2019;12;52,338832;58,709857;89,14828731;Wemmershoek Dam
Western Cape;2020;1;47,469424;58,709857;80,85426609;Wemmershoek Dam
Western Cape;2020;2;42,362567;58,709857;72,1558;Wemmershoek Dam
Western Cape;2020;3;37,37444;58,709857;63,65956572;Wemmershoek Dam
Western Cape;2020;4;32,224994;58,709857;54,88855815;Wemmershoek Dam
Western Cape;2020;5;28,170368;58,709857;47,98234818;Wemmershoek Dam
Western Cape;2020;6;24,860574;58,709857;42,34480421;Wemmershoek Dam
Western Cape;2020;7;29,515081;58,709857;50,27278639;Wemmershoek Dam
Western Cape;2020;8;42,39684;58,709857;72,21417691;Wemmershoek Dam
Western Cape;2020;9;51,700246;58,709857;88,06058921;Wemmershoek Dam
Western Cape;2020;10;57,994626;58,709857;98,78175312;Wemmershoek Dam
Western Cape;2020;11;56,865708;58,709857;96,8588767;Wemmershoek Dam
Western Cape;2020;12;57,965292;58,709857;98,73178877;Wemmershoek Dam
Western Cape;2021;1;54,088965;58,709857;92,12927397;Wemmershoek Dam
Western Cape;2021;2;49,540777;58,709857;84,38238403;Wemmershoek Dam
Western Cape;2021;3;45,057122;58,709857;76,74541261;Wemmershoek Dam
Western Cape;2021;4;41,025834;58,709857;69,87895406;Wemmershoek Dam
Western Cape;2021;5;35,953158;58,709857;61,23870818;Wemmershoek Dam
Western Cape;2021;6;37,086854;58,709857;63,16972293;Wemmershoek Dam
Western Cape;2021;7;42,633789;58,709857;72,61777013;Wemmershoek Dam
Western Cape;2021;8;57,043915;58,709857;97,16241516;Wemmershoek Dam
Western Cape;2021;9;58,735238;58,709857;100,0432312;Wemmershoek Dam
Western Cape;2021;10;57,593135;58,709857;98,09789692;Wemmershoek Dam
Western Cape;2021;11;56,432698;58,709857;96,12133445;Wemmershoek Dam
Western Cape;2021;12;53,598864;58,709857;91,2944891;Wemmershoek Dam
Western Cape;2017;1;22,637484;24,625973;91,92523682;Wolwedans Dam
Western Cape;2017;2;22,523027;24,625973;91,46045519;Wolwedans Dam
Western Cape;2017;3;23,171756;24,625973;94,09478358;Wolwedans Dam
Western Cape;2017;4;22,034616;24,625973;89,47713863;Wolwedans Dam
Western Cape;2017;5;21,129774;24,625973;85,80279853;Wolwedans Dam
Western Cape;2017;6;20,082031;24,625973;81,54817274;Wolwedans Dam
Western Cape;2017;7;19,149919;24,625973;77,7630959;Wolwedans Dam
Western Cape;2017;8;18,433788;24,625973;74,85506461;Wolwedans Dam
Western Cape;2017;9;18,050628;24,625973;73,29914639;Wolwedans Dam
Western Cape;2017;10;19,731158;24,625973;80,12336406;Wolwedans Dam
Western Cape;2017;11;20,215781;24,625973;82,09129848;Wolwedans Dam
Western Cape;2017;12;20,904771;24,625973;84,88911687;Wolwedans Dam
Western Cape;2018;1;19,814242;24,625973;80,46074768;Wolwedans Dam
Western Cape;2018;2;21,162345;24,625973;85,93506133;Wolwedans Dam
Western Cape;2018;3;21,48934;24,625973;87,26290734;Wolwedans Dam
Western Cape;2018;4;22,0931;24,625973;89,71462772;Wolwedans Dam
Western Cape;2018;5;21,691174;24,625973;88,08250541;Wolwedans Dam
Western Cape;2018;6;20,810006;24,625973;84,50429959;Wolwedans Dam
Western Cape;2018;7;20,13769;24,625973;81,7741902;Wolwedans Dam
Western Cape;2018;8;19,461448;24,625973;79,0281383;Wolwedans Dam
Western Cape;2018;9;18,975522;24,625973;77,05491271;Wolwedans Dam
Western Cape;2018;10;19,314176;24,625973;78,43010305;Wolwedans Dam
Western Cape;2018;11;18,366541;24,625973;74,58199114;Wolwedans Dam
Western Cape;2018;12;18,326835;24,625973;74,42075487;Wolwedans Dam
Western Cape;2019;1;17,085056;24,625973;69,37819675;Wolwedans Dam
Western Cape;2019;2;16,729589;24,625973;67,93473297;Wolwedans Dam
Western Cape;2019;3;16,555378;24,625973;67,22730509;Wolwedans Dam
Western Cape;2019;4;17,878348;24,625973;72,59955982;Wolwedans Dam
Western Cape;2019;5;17,664247;24,625973;71,73014849;Wolwedans Dam
Western Cape;2019;6;17,027258;24,625973;69,14349334;Wolwedans Dam
Western Cape;2019;7;16,176039;24,625973;65,68690301;Wolwedans Dam
Western Cape;2019;8;15,40384;24,625973;62,55119341;Wolwedans Dam
Western Cape;2019;9;14,175258;24,625973;57,56222505;Wolwedans Dam
Western Cape;2019;10;13,42418;24,625973;54,51228262;Wolwedans Dam
Western Cape;2019;11;12,456655;24,625973;50,58340233;Wolwedans Dam
Western Cape;2019;12;12,751369;24,625973;51,78016316;Wolwedans Dam
Western Cape;2020;1;10,969215;24,625973;44,54327551;Wolwedans Dam
Western Cape;2020;2;16,477876;24,625973;66,91258859;Wolwedans Dam
Western Cape;2020;3;16,299795;24,625973;66,18944559;Wolwedans Dam
Western Cape;2020;4;15,970256;24,625973;64,85126902;Wolwedans Dam
Western Cape;2020;5;15,699591;24,625973;63,75216524;Wolwedans Dam
Western Cape;2020;6;15,630006;24,625973;63,46959773;Wolwedans Dam
Western Cape;2020;7;14,956083;24,625973;60,73296271;Wolwedans Dam
Western Cape;2020;8;14,018004;24,625973;56,92365536;Wolwedans Dam
Western Cape;2020;9;13,037732;24,625973;52,94301265;Wolwedans Dam
Western Cape;2020;10;13,637669;24,625973;55,37920877;Wolwedans Dam
Western Cape;2020;11;16,613028;24,625973;67,46140751;Wolwedans Dam
Western Cape;2020;12;16,457066;24,625973;66,82808432;Wolwedans Dam
Western Cape;2021;1;15,793145;24,625973;64,13206495;Wolwedans Dam
Western Cape;2021;2;15,406287;24,625973;62,56113007;Wolwedans Dam
Western Cape;2021;3;14,733547;24,625973;59,82929893;Wolwedans Dam
Western Cape;2021;4;15,025851;24,625973;61,01627335;Wolwedans Dam
Western Cape;2021;5;15,135322;24,625973;61,46080807;Wolwedans Dam
Western Cape;2021;6;16,456199;24,625973;66,82456364;Wolwedans Dam
Western Cape;2021;7;16,000038;24,625973;64,97220638;Wolwedans Dam
Western Cape;2021;8;15,681931;24,625973;63,68045234;Wolwedans Dam
Western Cape;2021;9;17,39035;24,625973;70,61792036;Wolwedans Dam
Western Cape;2021;10;17,791229;24,625973;72,24579106;Wolwedans Dam
Western Cape;2021;11;19,746156;24,625973;80,18426724;Wolwedans Dam
Western Cape;2021;12;24,663647;24,625973;100,1529848;Wolwedans Dam
Western Cape;2017;1;79,16819;91,470813;86,55022012;De Bos Dam
Western Cape;2017;2;79,819695;91,470813;87,26247464;De Bos Dam
Western Cape;2017;3;84,256666;91,470813;92,11317057;De Bos Dam
Western Cape;2017;4;84,788857;91,470813;92,69498567;De Bos Dam
Western Cape;2017;5;84,351537;91,470813;92,21688781;De Bos Dam
Western Cape;2017;6;84,446478;91,470813;92,32068157;De Bos Dam
Western Cape;2017;7;77,631698;91,470813;84,87045808;De Bos Dam
Western Cape;2017;8;70,95608;91,470813;77,57237273;De Bos Dam
Western Cape;2017;9;65,051554;91,470813;71,11727978;De Bos Dam
Western Cape;2017;10;58,357575;91,470813;63,79912137;De Bos Dam
Western Cape;2017;11;60,117911;91,470813;65,72359972;De Bos Dam
Western Cape;2017;12;66,037899;91,470813;72,19559642;De Bos Dam
Western Cape;2018;1;67,357399;91,470813;73,63813307;De Bos Dam
Western Cape;2018;2;67,324199;91,470813;73,60183734;De Bos Dam
Western Cape;2018;3;73,637561;91,470813;80,50388816;De Bos Dam
Western Cape;2018;4;87,250228;91,470813;95,38586697;De Bos Dam
Western Cape;2018;5;91,690675;91,470813;100,240363;De Bos Dam
Western Cape;2018;6;91,620801;91,470813;100,1639736;De Bos Dam
Western Cape;2018;7;90,671809;91,470813;99,12649295;De Bos Dam
Western Cape;2018;8;90,174801;91,470813;98,58314149;De Bos Dam
Western Cape;2018;9;89,580792;91,470813;97,93374418;De Bos Dam
Western Cape;2018;10;89,284767;91,470813;97,61011635;De Bos Dam
Western Cape;2018;11;88,420188;91,470813;96,66491977;De Bos Dam
Western Cape;2018;12;84,950856;91,470813;92,87209025;De Bos Dam
Western Cape;2019;1;81,207844;91,470813;88,78006146;De Bos Dam
Western Cape;2019;2;77,153965;91,470813;84,34817891;De Bos Dam
Western Cape;2019;3;73,176348;91,470813;79,9996694;De Bos Dam
Western Cape;2019;4;67,332498;91,470813;73,61091018;De Bos Dam
Western Cape;2019;5;65,482372;91,470813;71,58826936;De Bos Dam
Western Cape;2019;6;61,366311;91,470813;67,08840666;De Bos Dam
Western Cape;2019;7;56,887162;91,470813;62,19159985;De Bos Dam
Western Cape;2019;8;52,057164;91,470813;56,91122916;De Bos Dam
Western Cape;2019;9;47,64902;91,470813;52,0920482;De Bos Dam
Western Cape;2019;10;43,291776;91,470813;47,32851341;De Bos Dam
Western Cape;2019;11;38,74127;91,470813;42,35369593;De Bos Dam
Western Cape;2019;12;34,189951;91,470813;37,37798963;De Bos Dam
Western Cape;2020;1;29,557678;91,470813;32,31378079;De Bos Dam
Western Cape;2020;2;27,093979;91,470813;29,62035442;De Bos Dam
Western Cape;2020;3;25,928248;91,470813;28,34592495;De Bos Dam
Western Cape;2020;4;28,098903;91,470813;30,71898246;De Bos Dam
Western Cape;2020;5;27,953227;91,470813;30,55972291;De Bos Dam
Western Cape;2020;6;23,508004;91,470813;25,70000553;De Bos Dam
Western Cape;2020;7;19,027606;91,470813;20,80183326;De Bos Dam
Western Cape;2020;8;15,851732;91,470813;17,3298252;De Bos Dam
Western Cape;2020;9;13,23007;91,470813;14,46370658;De Bos Dam
Western Cape;2020;10;12,852014;91,470813;14,05039879;De Bos Dam
Western Cape;2020;11;12,651571;91,470813;13,8312655;De Bos Dam
Western Cape;2020;12;13,76915;91,470813;15,05305304;De Bos Dam
Western Cape;2021;1;15,220275;91,470813;16,63948805;De Bos Dam
Western Cape;2021;2;21,529295;91,470813;23,536792;De Bos Dam
Western Cape;2021;3;20,910275;91,470813;22,86005154;De Bos Dam
Western Cape;2021;4;19,047704;91,470813;20,82380529;De Bos Dam
Western Cape;2021;5;17,256405;91,470813;18,86547679;De Bos Dam
Western Cape;2021;6;17,525497;91,470813;19,15966025;De Bos Dam
Western Cape;2021;7;17,430502;91,470813;19,05580745;De Bos Dam
Western Cape;2021;8;16,97297;91,470813;18,55561293;De Bos Dam
Western Cape;2021;9;13,166042;91,470813;14,3937083;De Bos Dam
Western Cape;2021;10;7,536676;91,470813;8,239432616;De Bos Dam
Western Cape;2021;11;5,643175;91,470813;6,1693723;De Bos Dam
Western Cape;2021;12;6,575914;91,470813;7,189084457;De Bos Dam
